"id","pfd_period_no","wk","prd_name","prd_series","qty_fc","update_datetime"
36790,"202323",WK2323,RGP-096L-0D,RGP,403000,2023-09-12 14:29:53.054
188615,"202323",WK2324,RGP-096L-0D,RGP,373000,2023-09-12 14:29:53.054
313901,"202323",WK2325,RGP-096L-0D,RGP,439085,2023-09-12 14:29:53.054
127887,"202323",WK2326,RGP-096L-0D,RGP,439085,2023-09-12 14:29:53.054
285821,"202323",WK2327,RGP-096L-0D,RGP,219085,2023-09-12 14:29:53.054
304587,"202323",WK2328,RGP-096L-0D,RGP,369000,2023-09-12 14:29:53.054
252475,"202323",WK2329,RGP-096L-0D,RGP,439085,2023-09-12 14:29:53.054
121925,"202323",WK2330,RGP-096L-0D,RGP,439085,2023-09-12 14:29:53.054
334955,"202323",WK2331,RGP-096L-0D,RGP,403469,2023-09-12 14:29:53.054
267770,"202323",WK2332,RGP-096L-0D,RGP,337440,2023-09-12 14:29:53.054
88086,"202323",WK2333,RGP-096L-0D,RGP,337440,2023-09-12 14:29:53.054
307708,"202323",WK2334,RGP-096L-0D,RGP,337440,2023-09-12 14:29:53.054
210072,"202323",WK2335,RGP-096L-0D,RGP,281200,2023-09-12 14:29:53.054
222300,"202323",WK2336,RGP-096L-0D,RGP,281200,2023-09-12 14:29:53.054
252476,"202323",WK2337,RGP-096L-0D,RGP,168720,2023-09-12 14:29:53.054
109559,"202323",WK2338,RGP-096L-0D,RGP,168720,2023-09-12 14:29:53.054
22010,"202323",WK2339,RGP-096L-0D,RGP,348688,2023-09-12 14:29:53.054
197520,"202323",WK2340,RGP-096L-0D,RGP,337440,2023-09-12 14:29:53.054
222301,"202323",WK2341,RGP-096L-0D,RGP,348688,2023-09-12 14:29:53.054
279862,"202323",WK2342,RGP-096L-0D,RGP,337440,2023-09-12 14:29:53.054
377908,"202324",WK2324,RGP-096L-0D,RGP,326000,2023-09-12 14:29:53.054
103605,"202324",WK2325,RGP-096L-0D,RGP,439085,2023-09-12 14:29:53.054
185937,"202324",WK2326,RGP-096L-0D,RGP,439085,2023-09-12 14:29:53.054
234264,"202324",WK2327,RGP-096L-0D,RGP,439085,2023-09-12 14:29:53.054
307926,"202324",WK2328,RGP-096L-0D,RGP,369000,2023-09-12 14:29:53.054
231347,"202324",WK2329,RGP-096L-0D,RGP,439085,2023-09-12 14:29:53.054
54967,"202324",WK2330,RGP-096L-0D,RGP,357617,2023-09-12 14:29:53.054
329226,"202324",WK2331,RGP-096L-0D,RGP,337440,2023-09-12 14:29:53.054
277059,"202324",WK2332,RGP-096L-0D,RGP,337440,2023-09-12 14:29:53.054
16045,"202324",WK2333,RGP-096L-0D,RGP,337440,2023-09-12 14:29:53.054
317255,"202324",WK2334,RGP-096L-0D,RGP,337440,2023-09-12 14:29:53.054
31233,"202324",WK2335,RGP-096L-0D,RGP,281200,2023-09-12 14:29:53.054
137065,"202324",WK2336,RGP-096L-0D,RGP,337440,2023-09-12 14:29:53.054
28241,"202324",WK2337,RGP-096L-0D,RGP,112480,2023-09-12 14:29:53.054
31234,"202324",WK2338,RGP-096L-0D,RGP,224960,2023-09-12 14:29:53.054
22195,"202324",WK2339,RGP-096L-0D,RGP,371184,2023-09-12 14:29:53.054
359859,"202324",WK2340,RGP-096L-0D,RGP,371184,2023-09-12 14:29:53.054
167876,"202324",WK2341,RGP-096L-0D,RGP,337440,2023-09-12 14:29:53.054
122108,"202324",WK2342,RGP-096L-0D,RGP,337440,2023-09-12 14:29:53.054
344051,"202324",WK2343,RGP-096L-0D,RGP,337440,2023-09-12 14:29:53.054
311221,"202325",WK2325,RGP-096L-0D,RGP,459085,2023-09-12 14:29:53.054
308100,"202325",WK2326,RGP-096L-0D,RGP,439085,2023-09-12 14:29:53.054
234473,"202325",WK2327,RGP-096L-0D,RGP,439085,2023-09-12 14:29:53.054
180126,"202325",WK2328,RGP-096L-0D,RGP,369000,2023-09-12 14:29:53.054
252858,"202325",WK2329,RGP-096L-0D,RGP,439085,2023-09-12 14:29:53.054
305009,"202325",WK2330,RGP-096L-0D,RGP,357256,2023-09-12 14:29:53.054
109943,"202325",WK2331,RGP-096L-0D,RGP,337440,2023-09-12 14:29:53.054
363026,"202325",WK2332,RGP-096L-0D,RGP,337440,2023-09-12 14:29:53.054
55171,"202325",WK2333,RGP-096L-0D,RGP,337440,2023-09-12 14:29:53.054
116218,"202325",WK2334,RGP-096L-0D,RGP,337440,2023-09-12 14:29:53.054
258994,"202325",WK2335,RGP-096L-0D,RGP,281200,2023-09-12 14:29:53.054
222675,"202325",WK2336,RGP-096L-0D,RGP,337440,2023-09-12 14:29:53.054
234474,"202325",WK2337,RGP-096L-0D,RGP,112480,2023-09-12 14:29:53.054
204227,"202325",WK2338,RGP-096L-0D,RGP,224960,2023-09-12 14:29:53.054
384028,"202325",WK2339,RGP-096L-0D,RGP,371184,2023-09-12 14:29:53.054
216703,"202325",WK2340,RGP-096L-0D,RGP,371184,2023-09-12 14:29:53.054
286217,"202325",WK2341,RGP-096L-0D,RGP,337440,2023-09-12 14:29:53.054
85567,"202325",WK2342,RGP-096L-0D,RGP,337440,2023-09-12 14:29:53.054
231524,"202325",WK2343,RGP-096L-0D,RGP,337440,2023-09-12 14:29:53.054
186115,"202325",WK2344,RGP-096L-0D,RGP,168720,2023-09-12 14:29:53.054
256108,"202326",WK2326,RGP-096L-0D,RGP,653214,2023-09-12 14:29:53.054
295747,"202326",WK2327,RGP-096L-0D,RGP,439085,2023-09-12 14:29:53.054
243503,"202326",WK2328,RGP-096L-0D,RGP,369000,2023-09-12 14:29:53.054
3864,"202326",WK2329,RGP-096L-0D,RGP,312198,2023-09-12 14:29:53.054
216882,"202326",WK2330,RGP-096L-0D,RGP,337440,2023-09-12 14:29:53.054
177384,"202326",WK2331,RGP-096L-0D,RGP,337440,2023-09-12 14:29:53.054
189148,"202326",WK2332,RGP-096L-0D,RGP,337440,2023-09-12 14:29:53.054
344473,"202326",WK2333,RGP-096L-0D,RGP,337440,2023-09-12 14:29:53.054
146243,"202326",WK2334,RGP-096L-0D,RGP,337440,2023-09-12 14:29:53.054
3865,"202326",WK2335,RGP-096L-0D,RGP,281200,2023-09-12 14:29:53.054
207601,"202326",WK2336,RGP-096L-0D,RGP,337440,2023-09-12 14:29:53.054
91657,"202326",WK2337,RGP-096L-0D,RGP,112480,2023-09-12 14:29:53.054
43137,"202326",WK2338,RGP-096L-0D,RGP,224960,2023-09-12 14:29:53.054
34487,"202326",WK2339,RGP-096L-0D,RGP,371184,2023-09-12 14:29:53.054
149456,"202326",WK2340,RGP-096L-0D,RGP,371184,2023-09-12 14:29:53.054
16448,"202326",WK2341,RGP-096L-0D,RGP,337440,2023-09-12 14:29:53.054
116409,"202326",WK2342,RGP-096L-0D,RGP,337440,2023-09-12 14:29:53.054
162082,"202326",WK2343,RGP-096L-0D,RGP,337440,2023-09-12 14:29:53.054
183329,"202326",WK2344,RGP-096L-0D,RGP,168720,2023-09-12 14:29:53.054
335482,"202326",WK2345,RGP-096L-0D,RGP,163096,2023-09-12 14:29:53.054
195221,"202327",WK2327,RGP-096L-0D,RGP,439085,2023-09-12 14:29:53.054
268572,"202327",WK2328,RGP-096L-0D,RGP,369000,2023-09-12 14:29:53.054
344667,"202327",WK2329,RGP-096L-0D,RGP,312198,2023-09-12 14:29:53.054
305370,"202327",WK2330,RGP-096L-0D,RGP,337440,2023-09-12 14:29:53.054
289526,"202327",WK2331,RGP-096L-0D,RGP,337440,2023-09-12 14:29:53.054
28832,"202327",WK2332,RGP-096L-0D,RGP,337440,2023-09-12 14:29:53.054
97863,"202327",WK2333,RGP-096L-0D,RGP,337440,2023-09-12 14:29:53.054
283609,"202327",WK2334,RGP-096L-0D,RGP,337440,2023-09-12 14:29:53.054
131699,"202327",WK2335,RGP-096L-0D,RGP,281200,2023-09-12 14:29:53.054
113479,"202327",WK2336,RGP-096L-0D,RGP,337440,2023-09-12 14:29:53.054
43324,"202327",WK2337,RGP-096L-0D,RGP,112480,2023-09-12 14:29:53.054
101020,"202327",WK2338,RGP-096L-0D,RGP,224960,2023-09-12 14:29:53.054
101021,"202327",WK2339,RGP-096L-0D,RGP,371184,2023-09-12 14:29:53.054
366530,"202327",WK2340,RGP-096L-0D,RGP,371184,2023-09-12 14:29:53.054
71018,"202327",WK2341,RGP-096L-0D,RGP,337440,2023-09-12 14:29:53.054
360414,"202327",WK2342,RGP-096L-0D,RGP,337440,2023-09-12 14:29:53.054
13548,"202327",WK2343,RGP-096L-0D,RGP,337440,2023-09-12 14:29:53.054
240790,"202327",WK2344,RGP-096L-0D,RGP,168720,2023-09-12 14:29:53.054
43325,"202327",WK2345,RGP-096L-0D,RGP,163096,2023-09-12 14:29:53.054
125677,"202327",WK2346,RGP-096L-0D,RGP,146224,2023-09-12 14:29:53.054
286838,"202328",WK2328,RGP-096L-0D,RGP,369000,2023-09-12 14:29:53.054
128903,"202328",WK2329,RGP-096L-0D,RGP,312198,2023-09-12 14:29:53.054
40607,"202328",WK2330,RGP-096L-0D,RGP,337440,2023-09-12 14:29:53.054
29023,"202328",WK2331,RGP-096L-0D,RGP,337440,2023-09-12 14:29:53.054
314919,"202328",WK2332,RGP-096L-0D,RGP,337440,2023-09-12 14:29:53.054
259600,"202328",WK2333,RGP-096L-0D,RGP,337440,2023-09-12 14:29:53.054
177777,"202328",WK2334,RGP-096L-0D,RGP,337440,2023-09-12 14:29:53.054
351233,"202328",WK2335,RGP-096L-0D,RGP,281200,2023-09-12 14:29:53.054
32009,"202328",WK2336,RGP-096L-0D,RGP,337440,2023-09-12 14:29:53.054
165600,"202328",WK2337,RGP-096L-0D,RGP,112480,2023-09-12 14:29:53.054
13753,"202328",WK2338,RGP-096L-0D,RGP,224960,2023-09-12 14:29:53.054
125870,"202328",WK2339,RGP-096L-0D,RGP,371184,2023-09-12 14:29:53.054
259601,"202328",WK2340,RGP-096L-0D,RGP,371184,2023-09-12 14:29:53.054
134857,"202328",WK2341,RGP-096L-0D,RGP,337440,2023-09-12 14:29:53.054
286839,"202328",WK2342,RGP-096L-0D,RGP,337440,2023-09-12 14:29:53.054
330001,"202328",WK2343,RGP-096L-0D,RGP,337440,2023-09-12 14:29:53.054
80270,"202328",WK2344,RGP-096L-0D,RGP,168720,2023-09-12 14:29:53.054
381582,"202328",WK2345,RGP-096L-0D,RGP,163096,2023-09-12 14:29:53.054
363601,"202328",WK2346,RGP-096L-0D,RGP,146224,2023-09-12 14:29:53.054
104500,"202328",WK2347,RGP-096L-0D,RGP,70300,2023-09-12 14:29:53.054
363824,"202329",WK2329,RGP-096L-0D,RGP,312198,2023-09-12 14:29:53.054
302510,"202329",WK2330,RGP-096L-0D,RGP,337440,2023-09-12 14:29:53.054
23217,"202329",WK2331,RGP-096L-0D,RGP,337440,2023-09-12 14:29:53.054
363825,"202329",WK2332,RGP-096L-0D,RGP,337440,2023-09-12 14:29:53.054
341888,"202329",WK2333,RGP-096L-0D,RGP,337440,2023-09-12 14:29:53.054
132115,"202329",WK2334,RGP-096L-0D,RGP,337440,2023-09-12 14:29:53.054
192640,"202329",WK2335,RGP-096L-0D,RGP,281200,2023-09-12 14:29:53.054
71389,"202329",WK2336,RGP-096L-0D,RGP,337440,2023-09-12 14:29:53.054
46670,"202329",WK2337,RGP-096L-0D,RGP,112480,2023-09-12 14:29:53.054
387660,"202329",WK2338,RGP-096L-0D,RGP,224960,2023-09-12 14:29:53.054
289955,"202329",WK2339,RGP-096L-0D,RGP,371184,2023-09-12 14:29:53.054
171904,"202329",WK2340,RGP-096L-0D,RGP,371184,2023-09-12 14:29:53.054
345124,"202329",WK2341,RGP-096L-0D,RGP,337440,2023-09-12 14:29:53.054
357792,"202329",WK2342,RGP-096L-0D,RGP,337440,2023-09-12 14:29:53.054
171905,"202329",WK2343,RGP-096L-0D,RGP,337440,2023-09-12 14:29:53.054
296426,"202329",WK2344,RGP-096L-0D,RGP,168720,2023-09-12 14:29:53.054
384768,"202329",WK2345,RGP-096L-0D,RGP,163096,2023-09-12 14:29:53.054
241169,"202329",WK2346,RGP-096L-0D,RGP,146224,2023-09-12 14:29:53.054
189758,"202329",WK2347,RGP-096L-0D,RGP,70300,2023-09-12 14:29:53.054
192641,"202329",WK2348,RGP-096L-0D,RGP,0,2023-09-12 14:29:53.054
260053,"202330",WK2330,RGP-096L-0D,RGP,337440,2023-09-12 14:29:53.054
46853,"202330",WK2331,RGP-096L-0D,RGP,337440,2023-09-12 14:29:53.054
324389,"202330",WK2332,RGP-096L-0D,RGP,337440,2023-09-12 14:29:53.054
138201,"202330",WK2333,RGP-096L-0D,RGP,337440,2023-09-12 14:29:53.054
38154,"202330",WK2334,RGP-096L-0D,RGP,337440,2023-09-12 14:29:53.054
71589,"202330",WK2335,RGP-096L-0D,RGP,281200,2023-09-12 14:29:53.054
198950,"202330",WK2336,RGP-096L-0D,RGP,337440,2023-09-12 14:29:53.054
111021,"202330",WK2337,RGP-096L-0D,RGP,112480,2023-09-12 14:29:53.054
129308,"202330",WK2338,RGP-096L-0D,RGP,224960,2023-09-12 14:29:53.054
178168,"202330",WK2339,RGP-096L-0D,RGP,371184,2023-09-12 14:29:53.054
104944,"202330",WK2340,RGP-096L-0D,RGP,371184,2023-09-12 14:29:53.054
302753,"202330",WK2341,RGP-096L-0D,RGP,337440,2023-09-12 14:29:53.054
101670,"202330",WK2342,RGP-096L-0D,RGP,337440,2023-09-12 14:29:53.054
195851,"202330",WK2343,RGP-096L-0D,RGP,337440,2023-09-12 14:29:53.054
92435,"202330",WK2344,RGP-096L-0D,RGP,168720,2023-09-12 14:29:53.054
287197,"202330",WK2345,RGP-096L-0D,RGP,163096,2023-09-12 14:29:53.054
68569,"202330",WK2346,RGP-096L-0D,RGP,146224,2023-09-12 14:29:53.054
370101,"202330",WK2347,RGP-096L-0D,RGP,70300,2023-09-12 14:29:53.054
23425,"202330",WK2348,RGP-096L-0D,RGP,0,2023-09-12 14:29:53.054
364024,"202330",WK2349,RGP-096L-0D,RGP,0,2023-09-12 14:29:53.054
20548,"202331",WK2331,RGP-096L-0D,RGP,300000,2023-09-12 14:29:53.054
376333,"202331",WK2332,RGP-096L-0D,RGP,1055000,2023-09-12 14:29:53.054
281441,"202331",WK2333,RGP-096L-0D,RGP,344000,2023-09-12 14:29:53.054
53304,"202331",WK2334,RGP-096L-0D,RGP,309000,2023-09-12 14:29:53.054
361211,"202331",WK2335,RGP-096L-0D,RGP,439085,2023-09-12 14:29:53.054
184362,"202331",WK2336,RGP-096L-0D,RGP,439085,2023-09-12 14:29:53.054
156961,"202331",WK2337,RGP-096L-0D,RGP,433333,2023-09-12 14:29:53.054
361212,"202331",WK2338,RGP-096L-0D,RGP,224960,2023-09-12 14:29:53.054
11325,"202331",WK2339,RGP-096L-0D,RGP,337440,2023-09-12 14:29:53.054
156962,"202331",WK2340,RGP-096L-0D,RGP,337440,2023-09-12 14:29:53.054
153783,"202331",WK2341,RGP-096L-0D,RGP,281200,2023-09-12 14:29:53.054
370285,"202331",WK2342,RGP-096L-0D,RGP,281200,2023-09-12 14:29:53.054
120487,"202331",WK2343,RGP-096L-0D,RGP,337440,2023-09-12 14:29:53.054
296808,"202331",WK2344,RGP-096L-0D,RGP,281200,2023-09-12 14:29:53.054
333557,"202331",WK2345,RGP-096L-0D,RGP,281200,2023-09-12 14:29:53.054
17496,"202331",WK2346,RGP-096L-0D,RGP,337440,2023-09-12 14:29:53.054
260251,"202331",WK2347,RGP-096L-0D,RGP,337440,2023-09-12 14:29:53.054
379290,"202331",WK2348,RGP-096L-0D,RGP,337440,2023-09-12 14:29:53.054
205487,"202331",WK2349,RGP-096L-0D,RGP,168720,2023-09-12 14:29:53.054
367353,"202331",WK2350,RGP-096L-0D,RGP,112480,2023-09-12 14:29:53.054
92837,"202332",WK2332,RGP-096L-0D,RGP,350000,2023-09-12 14:29:53.054
382426,"202332",WK2333,RGP-096L-0D,RGP,1049000,2023-09-12 14:29:53.054
65924,"202332",WK2334,RGP-096L-0D,RGP,309000,2023-09-12 14:29:53.054
218101,"202332",WK2335,RGP-096L-0D,RGP,439085,2023-09-12 14:29:53.054
8366,"202332",WK2336,RGP-096L-0D,RGP,439085,2023-09-12 14:29:53.054
202558,"202332",WK2337,RGP-096L-0D,RGP,411137,2023-09-12 14:29:53.054
312674,"202332",WK2338,RGP-096L-0D,RGP,224960,2023-09-12 14:29:53.054
324787,"202332",WK2339,RGP-096L-0D,RGP,337440,2023-09-12 14:29:53.054
50400,"202332",WK2340,RGP-096L-0D,RGP,337440,2023-09-12 14:29:53.054
232910,"202332",WK2341,RGP-096L-0D,RGP,281200,2023-09-12 14:29:53.054
300063,"202332",WK2342,RGP-096L-0D,RGP,281200,2023-09-12 14:29:53.054
263502,"202332",WK2343,RGP-096L-0D,RGP,337440,2023-09-12 14:29:53.054
178548,"202332",WK2344,RGP-096L-0D,RGP,281200,2023-09-12 14:29:53.054
352078,"202332",WK2345,RGP-096L-0D,RGP,281200,2023-09-12 14:29:53.054
254305,"202332",WK2346,RGP-096L-0D,RGP,337440,2023-09-12 14:29:53.054
221080,"202332",WK2347,RGP-096L-0D,RGP,337440,2023-09-12 14:29:53.054
41382,"202332",WK2348,RGP-096L-0D,RGP,337440,2023-09-12 14:29:53.054
38554,"202332",WK2349,RGP-096L-0D,RGP,168720,2023-09-12 14:29:53.054
278666,"202332",WK2350,RGP-096L-0D,RGP,112480,2023-09-12 14:29:53.054
254306,"202332",WK2351,RGP-096L-0D,RGP,224960,2023-09-12 14:29:53.054
309796,"202333",WK2333,RGP-096L-0D,RGP,330000,2023-09-12 14:29:53.054
224300,"202333",WK2334,RGP-096L-0D,RGP,1028000,2023-09-12 14:29:53.054
254495,"202333",WK2335,RGP-096L-0D,RGP,439085,2023-09-12 14:29:53.054
93034,"202333",WK2336,RGP-096L-0D,RGP,439085,2023-09-12 14:29:53.054
315999,"202333",WK2337,RGP-096L-0D,RGP,411137,2023-09-12 14:29:53.054
328066,"202333",WK2338,RGP-096L-0D,RGP,224960,2023-09-12 14:29:53.054
287818,"202333",WK2339,RGP-096L-0D,RGP,337440,2023-09-12 14:29:53.054
233102,"202333",WK2340,RGP-096L-0D,RGP,337440,2023-09-12 14:29:53.054
358618,"202333",WK2341,RGP-096L-0D,RGP,281200,2023-09-12 14:29:53.054
263690,"202333",WK2342,RGP-096L-0D,RGP,281200,2023-09-12 14:29:53.054
236144,"202333",WK2343,RGP-096L-0D,RGP,337440,2023-09-12 14:29:53.054
202797,"202333",WK2344,RGP-096L-0D,RGP,281200,2023-09-12 14:29:53.054
150970,"202333",WK2345,RGP-096L-0D,RGP,281200,2023-09-12 14:29:53.054
41573,"202333",WK2346,RGP-096L-0D,RGP,337440,2023-09-12 14:29:53.054
266761,"202333",WK2347,RGP-096L-0D,RGP,337440,2023-09-12 14:29:53.054
11751,"202333",WK2348,RGP-096L-0D,RGP,337440,2023-09-12 14:29:53.054
263691,"202333",WK2349,RGP-096L-0D,RGP,168720,2023-09-12 14:29:53.054
339638,"202333",WK2350,RGP-096L-0D,RGP,112480,2023-09-12 14:29:53.054
245000,"202333",WK2351,RGP-096L-0D,RGP,224960,2023-09-12 14:29:53.054
290783,"202333",WK2352,RGP-096L-0D,RGP,337440,2023-09-12 14:29:53.054
190773,"202334",WK2334,RGP-096L-0D,RGP,300000,2023-09-12 14:29:53.054
187849,"202334",WK2335,RGP-096L-0D,RGP,1167085,2023-09-12 14:29:53.054
81480,"202334",WK2336,RGP-096L-0D,RGP,439085,2023-09-12 14:29:53.054
141968,"202334",WK2337,RGP-096L-0D,RGP,411137,2023-09-12 14:29:53.054
111876,"202334",WK2338,RGP-096L-0D,RGP,224960,2023-09-12 14:29:53.054
361834,"202334",WK2339,RGP-096L-0D,RGP,337440,2023-09-12 14:29:53.054
47634,"202334",WK2340,RGP-096L-0D,RGP,337440,2023-09-12 14:29:53.054
257773,"202334",WK2341,RGP-096L-0D,RGP,281200,2023-09-12 14:29:53.054
160699,"202334",WK2342,RGP-096L-0D,RGP,281200,2023-09-12 14:29:53.054
27285,"202334",WK2343,RGP-096L-0D,RGP,337440,2023-09-12 14:29:53.054
184958,"202334",WK2344,RGP-096L-0D,RGP,281200,2023-09-12 14:29:53.054
147988,"202334",WK2345,RGP-096L-0D,RGP,281200,2023-09-12 14:29:53.054
175943,"202334",WK2346,RGP-096L-0D,RGP,337440,2023-09-12 14:29:53.054
325205,"202334",WK2347,RGP-096L-0D,RGP,337440,2023-09-12 14:29:53.054
90324,"202334",WK2348,RGP-096L-0D,RGP,337440,2023-09-12 14:29:53.054
175944,"202334",WK2349,RGP-096L-0D,RGP,168720,2023-09-12 14:29:53.054
114968,"202334",WK2350,RGP-096L-0D,RGP,112480,2023-09-12 14:29:53.054
245206,"202334",WK2351,RGP-096L-0D,RGP,224960,2023-09-12 14:29:53.054
141969,"202334",WK2352,RGP-096L-0D,RGP,337440,2023-09-12 14:29:53.054
242153,"202334",WK2401,RGP-096L-0D,RGP,337440,2023-09-12 14:29:53.054
248618,"202335",WK2335,RGP-096L-0D,RGP,300000,2023-09-12 14:29:53.054
133288,"202335",WK2336,RGP-096L-0D,RGP,1306170,2023-09-12 14:29:53.054
209450,"202335",WK2337,RGP-096L-0D,RGP,422709,2023-09-12 14:29:53.054
130303,"202335",WK2338,RGP-096L-0D,RGP,208088,2023-09-12 14:29:53.054
36213,"202335",WK2339,RGP-096L-0D,RGP,337440,2023-09-12 14:29:53.054
78702,"202335",WK2340,RGP-096L-0D,RGP,337440,2023-09-12 14:29:53.054
179153,"202335",WK2341,RGP-096L-0D,RGP,281200,2023-09-12 14:29:53.054
385959,"202335",WK2342,RGP-096L-0D,RGP,281200,2023-09-12 14:29:53.054
75616,"202335",WK2343,RGP-096L-0D,RGP,337440,2023-09-12 14:29:53.054
206301,"202335",WK2344,RGP-096L-0D,RGP,281200,2023-09-12 14:29:53.054
328472,"202335",WK2345,RGP-096L-0D,RGP,281200,2023-09-12 14:29:53.054
371135,"202335",WK2346,RGP-096L-0D,RGP,337440,2023-09-12 14:29:53.054
221694,"202335",WK2347,RGP-096L-0D,RGP,337440,2023-09-12 14:29:53.054
380111,"202335",WK2348,RGP-096L-0D,RGP,337440,2023-09-12 14:29:53.054
27475,"202335",WK2349,RGP-096L-0D,RGP,168720,2023-09-12 14:29:53.054
118255,"202335",WK2350,RGP-096L-0D,RGP,112480,2023-09-12 14:29:53.054
41997,"202335",WK2351,RGP-096L-0D,RGP,224960,2023-09-12 14:29:53.054
380112,"202335",WK2352,RGP-096L-0D,RGP,337440,2023-09-12 14:29:53.054
307105,"202335",WK2401,RGP-096L-0D,RGP,337440,2023-09-12 14:29:53.054
115180,"202335",WK2402,RGP-096L-0D,RGP,140600,2023-09-12 14:29:53.054
69854,"202336",WK2336,RGP-096L-0D,RGP,300000,2023-09-12 14:29:53.054
6006,"202336",WK2337,RGP-096L-0D,RGP,1428879,2023-09-12 14:29:53.054
36394,"202336",WK2338,RGP-096L-0D,RGP,208088,2023-09-12 14:29:53.054
102982,"202336",WK2339,RGP-096L-0D,RGP,337440,2023-09-12 14:29:53.054
209665,"202336",WK2340,RGP-096L-0D,RGP,337440,2023-09-12 14:29:53.054
212780,"202336",WK2341,RGP-096L-0D,RGP,281200,2023-09-12 14:29:53.054
185357,"202336",WK2342,RGP-096L-0D,RGP,281200,2023-09-12 14:29:53.054
282437,"202336",WK2343,RGP-096L-0D,RGP,337440,2023-09-12 14:29:53.054
248825,"202336",WK2344,RGP-096L-0D,RGP,281200,2023-09-12 14:29:53.054
200262,"202336",WK2345,RGP-096L-0D,RGP,281200,2023-09-12 14:29:53.054
69855,"202336",WK2346,RGP-096L-0D,RGP,337440,2023-09-12 14:29:53.054
78896,"202336",WK2347,RGP-096L-0D,RGP,337440,2023-09-12 14:29:53.054
30669,"202336",WK2348,RGP-096L-0D,RGP,337440,2023-09-12 14:29:53.054
282438,"202336",WK2349,RGP-096L-0D,RGP,168720,2023-09-12 14:29:53.054
380305,"202336",WK2350,RGP-096L-0D,RGP,112480,2023-09-12 14:29:53.054
27638,"202336",WK2351,RGP-096L-0D,RGP,224960,2023-09-12 14:29:53.054
206493,"202336",WK2352,RGP-096L-0D,RGP,337440,2023-09-12 14:29:53.054
334594,"202336",WK2401,RGP-096L-0D,RGP,337440,2023-09-12 14:29:53.054
252048,"202336",WK2402,RGP-096L-0D,RGP,140600,2023-09-12 14:29:53.054
313510,"202336",WK2403,RGP-096L-0D,RGP,168720,2023-09-12 14:29:53.054
304352,"202337",WK2337,RGP-096L-0D,RGP,300000,2023-09-16 11:06:44.742
245841,"202337",WK2339,RGP-096L-0D,RGP,111516,2023-09-16 11:06:44.742
301110,"202337",WK2340,RGP-096L-0D,RGP,379620,2023-09-16 11:06:44.742
242716,"202337",WK2341,RGP-096L-0D,RGP,379620,2023-09-16 11:06:44.742
307495,"202337",WK2342,RGP-096L-0D,RGP,379620,2023-09-16 11:06:44.742
124749,"202337",WK2343,RGP-096L-0D,RGP,379620,2023-09-16 11:06:44.742
84990,"202337",WK2344,RGP-096L-0D,RGP,379620,2023-09-16 11:06:44.742
164417,"202337",WK2345,RGP-096L-0D,RGP,379620,2023-09-16 11:06:44.742
188434,"202337",WK2346,RGP-096L-0D,RGP,379620,2023-09-16 11:06:44.742
148622,"202337",WK2347,RGP-096L-0D,RGP,379620,2023-09-16 11:06:44.742
325849,"202337",WK2348,RGP-096L-0D,RGP,379620,2023-09-16 11:06:44.742
39468,"202337",WK2349,RGP-096L-0D,RGP,158175,2023-09-16 11:06:44.742
45272,"202337",WK2350,RGP-096L-0D,RGP,63270,2023-09-16 11:06:44.742
109392,"202337",WK2351,RGP-096L-0D,RGP,253080,2023-09-16 11:06:44.742
319821,"202337",WK2352,RGP-096L-0D,RGP,253080,2023-09-16 11:06:44.742
353128,"202337",WK2401,RGP-096L-0D,RGP,329004,2023-09-16 11:06:44.742
255311,"202337",WK2402,RGP-096L-0D,RGP,221445,2023-09-16 11:06:44.742
36602,"202337",WK2403,RGP-096L-0D,RGP,189810,2023-09-16 11:06:44.742
176554,"202337",WK2404,RGP-096L-0D,RGP,94905,2023-09-16 11:06:44.742
549793,"202338",WK2338,RGP-096L-0D,RGP,300000,2023-09-25 08:49:07.438
553136,"202338",WK2339,RGP-096L-0D,RGP,751437,2023-09-25 08:49:07.438
562995,"202338",WK2340,RGP-096L-0D,RGP,337440,2023-09-25 08:49:07.438
559762,"202338",WK2341,RGP-096L-0D,RGP,337440,2023-09-25 08:49:07.438
553350,"202338",WK2342,RGP-096L-0D,RGP,337440,2023-09-25 08:49:07.438
563229,"202338",WK2343,RGP-096L-0D,RGP,337440,2023-09-25 08:49:07.438
546961,"202338",WK2344,RGP-096L-0D,RGP,337440,2023-09-25 08:49:07.438
550310,"202338",WK2345,RGP-096L-0D,RGP,337440,2023-09-25 08:49:07.438
570041,"202338",WK2346,RGP-096L-0D,RGP,337440,2023-09-25 08:49:07.438
560195,"202338",WK2347,RGP-096L-0D,RGP,337440,2023-09-25 08:49:07.438
547211,"202338",WK2348,RGP-096L-0D,RGP,337440,2023-09-25 08:49:07.438
566975,"202338",WK2349,RGP-096L-0D,RGP,140600,2023-09-25 08:49:07.438
553918,"202338",WK2350,RGP-096L-0D,RGP,56240,2023-09-25 08:49:07.438
547437,"202338",WK2351,RGP-096L-0D,RGP,224960,2023-09-25 08:49:07.438
570438,"202338",WK2352,RGP-096L-0D,RGP,224960,2023-09-25 08:49:07.438
560639,"202338",WK2401,RGP-096L-0D,RGP,292448,2023-09-25 08:49:07.438
567334,"202338",WK2402,RGP-096L-0D,RGP,196840,2023-09-25 08:49:07.438
560775,"202338",WK2403,RGP-096L-0D,RGP,168720,2023-09-25 08:49:07.438
557550,"202338",WK2404,RGP-096L-0D,RGP,84360,2023-09-25 08:49:07.438
570766,"202338",WK2405,RGP-096L-0D,RGP,0,2023-09-25 08:49:07.438
23949946,"202339",WK2339,RGP-096L-0D,RGP,300000,2023-09-30 06:03:47.114
23969516,"202339",WK2340,RGP-096L-0D,RGP,788877,2023-09-30 06:03:47.114
23966305,"202339",WK2341,RGP-096L-0D,RGP,337440,2023-09-30 06:03:47.114
23953287,"202339",WK2342,RGP-096L-0D,RGP,337440,2023-09-30 06:03:47.114
23972787,"202339",WK2343,RGP-096L-0D,RGP,337440,2023-09-30 06:03:47.114
23969517,"202339",WK2344,RGP-096L-0D,RGP,337440,2023-09-30 06:03:47.114
23949947,"202339",WK2345,RGP-096L-0D,RGP,337440,2023-09-30 06:03:47.114
23966306,"202339",WK2346,RGP-096L-0D,RGP,337440,2023-09-30 06:03:47.114
23949948,"202339",WK2347,RGP-096L-0D,RGP,337440,2023-09-30 06:03:47.114
23959870,"202339",WK2348,RGP-096L-0D,RGP,337440,2023-09-30 06:03:47.114
23953288,"202339",WK2349,RGP-096L-0D,RGP,140600,2023-09-30 06:03:47.114
23963086,"202339",WK2350,RGP-096L-0D,RGP,56240,2023-09-30 06:03:47.114
23972788,"202339",WK2351,RGP-096L-0D,RGP,224960,2023-09-30 06:03:47.114
23953289,"202339",WK2352,RGP-096L-0D,RGP,224960,2023-09-30 06:03:47.114
23969518,"202339",WK2401,RGP-096L-0D,RGP,292448,2023-09-30 06:03:47.114
23963087,"202339",WK2402,RGP-096L-0D,RGP,196840,2023-09-30 06:03:47.114
23953290,"202339",WK2403,RGP-096L-0D,RGP,168720,2023-09-30 06:03:47.114
23959871,"202339",WK2404,RGP-096L-0D,RGP,84360,2023-09-30 06:03:47.114
23963088,"202339",WK2405,RGP-096L-0D,RGP,0,2023-09-30 06:03:47.114
23956593,"202339",WK2406,RGP-096L-0D,RGP,179968,2023-09-30 06:03:47.114
55927343,"202340",WK2340,RGP-096L-0D,RGP,400000,2023-10-09 10:43:41.805
55933811,"202340",WK2341,RGP-096L-0D,RGP,726317,2023-10-09 10:43:41.805
55930538,"202340",WK2342,RGP-096L-0D,RGP,337440,2023-10-09 10:43:41.805
55927344,"202340",WK2343,RGP-096L-0D,RGP,337440,2023-10-09 10:43:41.805
55946971,"202340",WK2344,RGP-096L-0D,RGP,337440,2023-10-09 10:43:41.805
55937135,"202340",WK2345,RGP-096L-0D,RGP,337440,2023-10-09 10:43:41.805
55933812,"202340",WK2346,RGP-096L-0D,RGP,337440,2023-10-09 10:43:41.805
55940400,"202340",WK2347,RGP-096L-0D,RGP,337440,2023-10-09 10:43:41.805
55937136,"202340",WK2348,RGP-096L-0D,RGP,337440,2023-10-09 10:43:41.805
55940401,"202340",WK2349,RGP-096L-0D,RGP,140600,2023-10-09 10:43:41.805
55927345,"202340",WK2350,RGP-096L-0D,RGP,56240,2023-10-09 10:43:41.805
55930539,"202340",WK2351,RGP-096L-0D,RGP,224960,2023-10-09 10:43:41.805
55927346,"202340",WK2352,RGP-096L-0D,RGP,224960,2023-10-09 10:43:41.805
55946972,"202340",WK2401,RGP-096L-0D,RGP,292448,2023-10-09 10:43:41.805
55943683,"202340",WK2402,RGP-096L-0D,RGP,196840,2023-10-09 10:43:41.805
55940402,"202340",WK2403,RGP-096L-0D,RGP,168720,2023-10-09 10:43:41.805
55946973,"202340",WK2404,RGP-096L-0D,RGP,84360,2023-10-09 10:43:41.805
55946974,"202340",WK2405,RGP-096L-0D,RGP,0,2023-10-09 10:43:41.805
55943684,"202340",WK2406,RGP-096L-0D,RGP,179968,2023-10-09 10:43:41.805
55927347,"202340",WK2407,RGP-096L-0D,RGP,163096,2023-10-09 10:43:41.805
156024955,"202341",WK2341,RGP-096L-0D,RGP,400000,2023-10-17 10:49:25.356
120514382,"202341",WK2342,RGP-096L-0D,RGP,726317,2023-10-17 10:49:25.356
120527412,"202341",WK2343,RGP-096L-0D,RGP,337440,2023-10-17 10:49:25.356
120524178,"202341",WK2344,RGP-096L-0D,RGP,337440,2023-10-17 10:49:25.356
120520814,"202341",WK2345,RGP-096L-0D,RGP,337440,2023-10-17 10:49:25.356
120520815,"202341",WK2346,RGP-096L-0D,RGP,337440,2023-10-17 10:49:25.356
120517588,"202341",WK2347,RGP-096L-0D,RGP,337440,2023-10-17 10:49:25.356
120517589,"202341",WK2348,RGP-096L-0D,RGP,337440,2023-10-17 10:49:25.356
120520816,"202341",WK2349,RGP-096L-0D,RGP,337440,2023-10-17 10:49:25.356
120533922,"202341",WK2350,RGP-096L-0D,RGP,140600,2023-10-17 10:49:25.356
120517590,"202341",WK2351,RGP-096L-0D,RGP,56240,2023-10-17 10:49:25.356
120514383,"202341",WK2352,RGP-096L-0D,RGP,224960,2023-10-17 10:49:25.356
120520817,"202341",WK2401,RGP-096L-0D,RGP,224960,2023-10-17 10:49:25.356
120517591,"202341",WK2402,RGP-096L-0D,RGP,292448,2023-10-17 10:49:25.356
120524179,"202341",WK2403,RGP-096L-0D,RGP,196840,2023-10-17 10:49:25.356
120517592,"202341",WK2404,RGP-096L-0D,RGP,168720,2023-10-17 10:49:25.356
120524180,"202341",WK2405,RGP-096L-0D,RGP,84360,2023-10-17 10:49:25.356
120530663,"202341",WK2406,RGP-096L-0D,RGP,0,2023-10-17 10:49:25.356
120524181,"202341",WK2407,RGP-096L-0D,RGP,179968,2023-10-17 10:49:25.356
120514384,"202341",WK2408,RGP-096L-0D,RGP,163096,2023-10-17 10:49:25.356
150162006,"202342",WK2342,RGP-096L-0D,RGP,500000,2023-10-23 08:27:03.417
150162007,"202342",WK2343,RGP-096L-0D,RGP,901197,2023-10-23 08:27:03.417
150158659,"202342",WK2344,RGP-096L-0D,RGP,337440,2023-10-23 08:27:03.417
150145606,"202342",WK2345,RGP-096L-0D,RGP,337440,2023-10-23 08:27:03.417
150165179,"202342",WK2346,RGP-096L-0D,RGP,337440,2023-10-23 08:27:03.417
150148759,"202342",WK2347,RGP-096L-0D,RGP,337440,2023-10-23 08:27:03.417
150162008,"202342",WK2348,RGP-096L-0D,RGP,337440,2023-10-23 08:27:03.417
150142418,"202342",WK2349,RGP-096L-0D,RGP,140600,2023-10-23 08:27:03.417
150165180,"202342",WK2350,RGP-096L-0D,RGP,56240,2023-10-23 08:27:03.417
150145607,"202342",WK2351,RGP-096L-0D,RGP,224960,2023-10-23 08:27:03.417
150162009,"202342",WK2352,RGP-096L-0D,RGP,224960,2023-10-23 08:27:03.417
150148760,"202342",WK2401,RGP-096L-0D,RGP,292448,2023-10-23 08:27:03.417
150158660,"202342",WK2402,RGP-096L-0D,RGP,196840,2023-10-23 08:27:03.417
150142419,"202342",WK2403,RGP-096L-0D,RGP,168720,2023-10-23 08:27:03.417
150148761,"202342",WK2404,RGP-096L-0D,RGP,84360,2023-10-23 08:27:03.417
150142420,"202342",WK2405,RGP-096L-0D,RGP,0,2023-10-23 08:27:03.417
150162010,"202342",WK2406,RGP-096L-0D,RGP,179968,2023-10-23 08:27:03.417
150162011,"202342",WK2407,RGP-096L-0D,RGP,163096,2023-10-23 08:27:03.417
150142421,"202342",WK2408,RGP-096L-0D,RGP,64676,2023-10-23 08:27:03.417
150152008,"202342",WK2409,RGP-096L-0D,RGP,0,2023-10-23 08:27:03.417
194910586,"202343",WK2343,RGP-096L-0D,RGP,400000,2023-10-30 11:48:17.443
194900884,"202343",WK2344,RGP-096L-0D,RGP,36423,2023-10-30 11:48:17.443
194894384,"202343",WK2345,RGP-096L-0D,RGP,309320,2023-10-30 11:48:17.443
194904100,"202343",WK2346,RGP-096L-0D,RGP,269952,2023-10-30 11:48:17.443
194913862,"202343",WK2347,RGP-096L-0D,RGP,337440,2023-10-30 11:48:17.443
194913863,"202343",WK2348,RGP-096L-0D,RGP,372096,2023-10-30 11:48:17.443
194904101,"202343",WK2349,RGP-096L-0D,RGP,272688,2023-10-30 11:48:17.443
194904102,"202343",WK2350,RGP-096L-0D,RGP,216448,2023-10-30 11:48:17.443
194897580,"202343",WK2351,RGP-096L-0D,RGP,266152,2023-10-30 11:48:17.443
194897581,"202343",WK2352,RGP-096L-0D,RGP,396416,2023-10-30 11:48:17.443
194917141,"202343",WK2401,RGP-096L-0D,RGP,340176,2023-10-30 11:48:17.443
194894385,"202343",WK2402,RGP-096L-0D,RGP,373920,2023-10-30 11:48:17.443
194904103,"202343",WK2403,RGP-096L-0D,RGP,317680,2023-10-30 11:48:17.443
194917142,"202343",WK2404,RGP-096L-0D,RGP,113848,2023-10-30 11:48:17.443
194900885,"202343",WK2405,RGP-096L-0D,RGP,43320,2023-10-30 11:48:17.443
194904104,"202343",WK2406,RGP-096L-0D,RGP,328928,2023-10-30 11:48:17.443
194894386,"202343",WK2407,RGP-096L-0D,RGP,185592,2023-10-30 11:48:17.443
194910587,"202343",WK2408,RGP-096L-0D,RGP,61864,2023-10-30 11:48:17.443
194913864,"202343",WK2409,RGP-096L-0D,RGP,0,2023-10-30 11:48:17.443
194897582,"202343",WK2410,RGP-096L-0D,RGP,0,2023-10-30 11:48:17.443
247295957,"202344",WK2344,RGP-096L-0D,RGP,400000,2023-11-06 08:57:34.055
247302462,"202344",WK2345,RGP-096L-0D,RGP,400000,2023-11-06 08:57:34.055
247299203,"202344",WK2347,RGP-096L-0D,RGP,24200,2023-11-06 08:57:34.055
247305708,"202344",WK2348,RGP-096L-0D,RGP,80718,2023-11-06 08:57:34.055
247282866,"202344",WK2349,RGP-096L-0D,RGP,72688,2023-11-06 08:57:34.055
247305709,"202344",WK2350,RGP-096L-0D,RGP,166448,2023-11-06 08:57:34.055
247305710,"202344",WK2351,RGP-096L-0D,RGP,266152,2023-11-06 08:57:34.055
247295958,"202344",WK2352,RGP-096L-0D,RGP,396416,2023-11-06 08:57:34.055
247282867,"202344",WK2401,RGP-096L-0D,RGP,340176,2023-11-06 08:57:34.055
247292661,"202344",WK2402,RGP-096L-0D,RGP,373920,2023-11-06 08:57:34.055
247305711,"202344",WK2403,RGP-096L-0D,RGP,317680,2023-11-06 08:57:34.055
247299204,"202344",WK2404,RGP-096L-0D,RGP,113848,2023-11-06 08:57:34.055
247299205,"202344",WK2405,RGP-096L-0D,RGP,43320,2023-11-06 08:57:34.055
247295959,"202344",WK2406,RGP-096L-0D,RGP,328928,2023-11-06 08:57:34.055
247286070,"202344",WK2407,RGP-096L-0D,RGP,185592,2023-11-06 08:57:34.055
247305712,"202344",WK2408,RGP-096L-0D,RGP,61864,2023-11-06 08:57:34.055
247289355,"202344",WK2409,RGP-096L-0D,RGP,0,2023-11-06 08:57:34.055
247302463,"202344",WK2410,RGP-096L-0D,RGP,0,2023-11-06 08:57:34.055
247302464,"202344",WK2411,RGP-096L-0D,RGP,0,2023-11-06 08:57:34.055
297833792,"202345",WK2345,RGP-096L-0D,RGP,600000,2023-11-13 10:21:15.927
297833793,"202345",WK2346,RGP-096L-0D,RGP,200000,2023-11-13 10:21:15.927
297837056,"202345",WK2347,RGP-096L-0D,RGP,24200,2023-11-13 10:21:15.927
297837057,"202345",WK2348,RGP-096L-0D,RGP,116608,2023-11-13 10:21:15.927
297820538,"202345",WK2349,RGP-096L-0D,RGP,72688,2023-11-13 10:21:15.927
297820539,"202345",WK2350,RGP-096L-0D,RGP,142880,2023-11-13 10:21:15.927
297823871,"202345",WK2351,RGP-096L-0D,RGP,128472,2023-11-13 10:21:15.927
297827170,"202345",WK2352,RGP-096L-0D,RGP,396416,2023-11-13 10:21:15.927
297840359,"202345",WK2401,RGP-096L-0D,RGP,277856,2023-11-13 10:21:15.927
297833794,"202345",WK2402,RGP-096L-0D,RGP,373920,2023-11-13 10:21:15.927
297817264,"202345",WK2403,RGP-096L-0D,RGP,267064,2023-11-13 10:21:15.927
297817265,"202345",WK2404,RGP-096L-0D,RGP,96976,2023-11-13 10:21:15.927
297820540,"202345",WK2405,RGP-096L-0D,RGP,43320,2023-11-13 10:21:15.927
297820541,"202345",WK2406,RGP-096L-0D,RGP,334552,2023-11-13 10:21:15.927
297823872,"202345",WK2407,RGP-096L-0D,RGP,109668,2023-11-13 10:21:15.927
297830513,"202345",WK2409,RGP-096L-0D,RGP,0,2023-11-13 10:21:15.927
297837058,"202345",WK2410,RGP-096L-0D,RGP,0,2023-11-13 10:21:15.927
297840360,"202345",WK2411,RGP-096L-0D,RGP,0,2023-11-13 10:21:15.927
297840361,"202345",WK2412,RGP-096L-0D,RGP,0,2023-11-13 10:21:15.927
347517632,"202346",WK2346,RGP-096L-0D,RGP,400000,2023-11-19 14:21:16.256
347533873,"202346",WK2347,RGP-096L-0D,RGP,300000,2023-11-19 14:21:16.256
347517633,"202346",WK2348,RGP-096L-0D,RGP,400000,2023-11-19 14:21:16.256
347520863,"202346",WK2349,RGP-096L-0D,RGP,224200,2023-11-19 14:21:16.256
347517634,"202346",WK2350,RGP-096L-0D,RGP,142880,2023-11-19 14:21:16.256
347530624,"202346",WK2351,RGP-096L-0D,RGP,148472,2023-11-19 14:21:16.256
347511262,"202346",WK2352,RGP-096L-0D,RGP,352216,2023-11-19 14:21:16.256
347533874,"202346",WK2401,RGP-096L-0D,RGP,302056,2023-11-19 14:21:16.256
347520864,"202346",WK2402,RGP-096L-0D,RGP,273920,2023-11-19 14:21:16.256
347524171,"202346",WK2403,RGP-096L-0D,RGP,139664,2023-11-19 14:21:16.256
347533875,"202346",WK2404,RGP-096L-0D,RGP,88976,2023-11-19 14:21:16.256
347533876,"202346",WK2405,RGP-096L-0D,RGP,35220,2023-11-19 14:21:16.256
347533877,"202346",WK2406,RGP-096L-0D,RGP,350652,2023-11-19 14:21:16.256
347514432,"202346",WK2407,RGP-096L-0D,RGP,85570,2023-11-19 14:21:16.256
347527377,"202346",WK2409,RGP-096L-0D,RGP,0,2023-11-19 14:21:16.256
347527378,"202346",WK2410,RGP-096L-0D,RGP,0,2023-11-19 14:21:16.256
347533878,"202346",WK2411,RGP-096L-0D,RGP,0,2023-11-19 14:21:16.256
347520865,"202346",WK2412,RGP-096L-0D,RGP,0,2023-11-19 14:21:16.256
389540600,"202347",WK2347,RGP-096L-0D,RGP,300000,2023-11-27 13:36:58.432
389547035,"202347",WK2348,RGP-096L-0D,RGP,400000,2023-11-27 13:36:58.432
389540601,"202347",WK2349,RGP-096L-0D,RGP,224200,2023-11-27 13:36:58.432
389524319,"202347",WK2350,RGP-096L-0D,RGP,142880,2023-11-27 13:36:58.432
389537349,"202347",WK2351,RGP-096L-0D,RGP,148472,2023-11-27 13:36:58.432
389530806,"202347",WK2352,RGP-096L-0D,RGP,352216,2023-11-27 13:36:58.432
389527592,"202347",WK2401,RGP-096L-0D,RGP,302056,2023-11-27 13:36:58.432
389530807,"202347",WK2402,RGP-096L-0D,RGP,273920,2023-11-27 13:36:58.432
389530808,"202347",WK2403,RGP-096L-0D,RGP,139664,2023-11-27 13:36:58.432
389527593,"202347",WK2404,RGP-096L-0D,RGP,88976,2023-11-27 13:36:58.432
389524320,"202347",WK2405,RGP-096L-0D,RGP,35220,2023-11-27 13:36:58.432
389534074,"202347",WK2406,RGP-096L-0D,RGP,350652,2023-11-27 13:36:58.432
389537355,"202347",WK2407,RGP-096L-0D,RGP,85570,2023-11-27 13:36:58.432
418669730,"202348",WK2348,RGP-096L-0D,RGP,360000,2023-12-06 12:06:35.156
418666591,"202348",WK2349,RGP-096L-0D,RGP,200000,2023-12-06 12:06:35.156
418682644,"202348",WK2350,RGP-096L-0D,RGP,100000,2023-12-06 12:06:35.156
418663305,"202348",WK2351,RGP-096L-0D,RGP,128000,2023-12-06 12:06:35.156
418669731,"202348",WK2352,RGP-096L-0D,RGP,328000,2023-12-06 12:06:35.156
418679403,"202348",WK2401,RGP-096L-0D,RGP,259920,2023-12-06 12:06:35.156
418669732,"202348",WK2402,RGP-096L-0D,RGP,178200,2023-12-06 12:06:35.156
418666592,"202348",WK2403,RGP-096L-0D,RGP,127471,2023-12-06 12:06:35.156
418669733,"202348",WK2404,RGP-096L-0D,RGP,9400,2023-12-06 12:06:35.156
418679404,"202348",WK2406,RGP-096L-0D,RGP,208088,2023-12-06 12:06:35.156
418666593,"202348",WK2407,RGP-096L-0D,RGP,104044,2023-12-06 12:06:35.156
418669734,"202348",WK2408,RGP-096L-0D,RGP,44992,2023-12-06 12:06:35.156
418676163,"202348",WK2410,RGP-096L-0D,RGP,0,2023-12-06 12:06:35.156
418672934,"202348",WK2413,RGP-096L-0D,RGP,258304,2023-12-06 12:06:35.156
418669735,"202348",WK2414,RGP-096L-0D,RGP,200902,2023-12-06 12:06:35.156
418663306,"202348",WK2415,RGP-096L-0D,RGP,172204,2023-12-06 12:06:35.156
480723630,"202349",WK2350,RGP-096L-0D,RGP,510000,2023-12-11 12:10:59.277
480733396,"202349",WK2351,RGP-096L-0D,RGP,128000,2023-12-11 12:10:59.277
480723631,"202349",WK2352,RGP-096L-0D,RGP,328000,2023-12-11 12:10:59.277
480713863,"202349",WK2401,RGP-096L-0D,RGP,259920,2023-12-11 12:10:59.277
480736706,"202349",WK2402,RGP-096L-0D,RGP,178200,2023-12-11 12:10:59.277
480726870,"202349",WK2403,RGP-096L-0D,RGP,127471,2023-12-11 12:10:59.277
480713864,"202349",WK2404,RGP-096L-0D,RGP,9400,2023-12-11 12:10:59.277
480720312,"202349",WK2406,RGP-096L-0D,RGP,208088,2023-12-11 12:10:59.277
480723632,"202349",WK2407,RGP-096L-0D,RGP,104044,2023-12-11 12:10:59.277
480736707,"202349",WK2408,RGP-096L-0D,RGP,44992,2023-12-11 12:10:59.277
480730134,"202349",WK2410,RGP-096L-0D,RGP,0,2023-12-11 12:10:59.277
480713865,"202349",WK2413,RGP-096L-0D,RGP,258304,2023-12-11 12:10:59.277
480726871,"202349",WK2414,RGP-096L-0D,RGP,200902,2023-12-11 12:10:59.277
480713866,"202349",WK2415,RGP-096L-0D,RGP,172204,2023-12-11 12:10:59.277
480723633,"202349",WK2416,RGP-096L-0D,RGP,172202,2023-12-11 12:10:59.277
517201868,"202350",WK2350,RGP-096L-0D,RGP,510000,2023-12-11 15:41:21.104
517218170,"202350",WK2351,RGP-096L-0D,RGP,510000,2023-12-18 14:55:29.976
517218171,"202350",WK2352,RGP-096L-0D,RGP,128000,2023-12-18 14:55:29.976
517201869,"202350",WK2401,RGP-096L-0D,RGP,328000,2023-12-18 14:55:29.976
517208363,"202350",WK2402,RGP-096L-0D,RGP,259920,2023-12-18 14:55:29.976
517221448,"202350",WK2403,RGP-096L-0D,RGP,178200,2023-12-18 14:55:29.976
517221449,"202350",WK2404,RGP-096L-0D,RGP,127471,2023-12-18 14:55:29.976
518194560,"202350",WK2405,RGP-096L-0D,RGP,9400,2023-12-18 14:55:29.976
517208364,"202350",WK2406,RGP-096L-0D,RGP,208088,2023-12-11 15:41:21.104
517201870,"202350",WK2407,RGP-096L-0D,RGP,208088,2023-12-18 14:55:29.976
517214945,"202350",WK2408,RGP-096L-0D,RGP,104044,2023-12-18 14:55:29.976
518194561,"202350",WK2409,RGP-096L-0D,RGP,44992,2023-12-18 14:55:29.976
517214946,"202350",WK2410,RGP-096L-0D,RGP,0,2023-12-11 15:41:21.104
518201107,"202350",WK2411,RGP-096L-0D,RGP,0,2023-12-18 14:55:29.976
517214947,"202350",WK2413,RGP-096L-0D,RGP,258304,2023-12-11 15:41:21.104
517221450,"202350",WK2414,RGP-096L-0D,RGP,258304,2023-12-18 14:55:29.976
517221451,"202350",WK2415,RGP-096L-0D,RGP,200902,2023-12-18 14:55:29.976
517208365,"202350",WK2416,RGP-096L-0D,RGP,172204,2023-12-18 14:55:29.976
518191305,"202350",WK2417,RGP-096L-0D,RGP,172202,2023-12-18 14:55:29.976
570352498,"202351",WK2351,RGP-096L-0D,RGP,390640,2023-12-25 12:20:12.418
570346004,"202351",WK2352,RGP-096L-0D,RGP,200000,2023-12-25 12:20:12.418
570365576,"202351",WK2401,RGP-096L-0D,RGP,150000,2023-12-25 12:20:12.418
570349258,"202351",WK2402,RGP-096L-0D,RGP,150000,2023-12-25 12:20:12.418
570346005,"202351",WK2403,RGP-096L-0D,RGP,170025,2023-12-25 12:20:12.418
570362400,"202351",WK2404,RGP-096L-0D,RGP,51832,2023-12-25 12:20:12.418
570346006,"202351",WK2405,RGP-096L-0D,RGP,13680,2023-12-25 12:20:12.418
570349259,"202351",WK2406,RGP-096L-0D,RGP,266912,2023-12-25 12:20:12.418
570355796,"202351",WK2408,RGP-096L-0D,RGP,250040,2023-12-25 12:20:12.418
570342795,"202351",WK2409,RGP-096L-0D,RGP,222000,2023-12-25 12:20:12.418
570342796,"202351",WK2411,RGP-096L-0D,RGP,278160,2023-12-25 12:20:12.418
570342797,"202351",WK2412,RGP-096L-0D,RGP,221920,2023-12-25 12:20:12.418
570346007,"202351",WK2413,RGP-096L-0D,RGP,221920,2023-12-25 12:20:12.418
570362401,"202351",WK2414,RGP-096L-0D,RGP,203680,2023-12-25 12:20:12.418
570362402,"202351",WK2415,RGP-096L-0D,RGP,199424,2023-12-25 12:20:12.418
570342798,"202351",WK2416,RGP-096L-0D,RGP,160056,2023-12-25 12:20:12.418
570346008,"202351",WK2417,RGP-096L-0D,RGP,176928,2023-12-25 12:20:12.418
570349260,"202351",WK2418,RGP-096L-0D,RGP,137560,2023-12-25 12:20:12.418
621160838,"202352",WK2401,RGP-096L-0D,RGP,300000,2024-01-08 11:36:20.360
621177058,"202352",WK2402,RGP-096L-0D,RGP,200000,2024-01-08 11:36:20.360
621170642,"202352",WK2403,RGP-096L-0D,RGP,170025,2024-01-08 11:36:20.360
621167345,"202352",WK2404,RGP-096L-0D,RGP,51832,2024-01-08 11:36:20.360
621173871,"202352",WK2405,RGP-096L-0D,RGP,13680,2024-01-08 11:36:20.360
621170643,"202352",WK2406,RGP-096L-0D,RGP,266912,2024-01-08 11:36:20.360
621177059,"202352",WK2408,RGP-096L-0D,RGP,250040,2024-01-08 11:36:20.360
621157644,"202352",WK2409,RGP-096L-0D,RGP,222000,2024-01-08 11:36:20.360
621173872,"202352",WK2411,RGP-096L-0D,RGP,278160,2024-01-08 11:36:20.360
621170644,"202352",WK2412,RGP-096L-0D,RGP,221920,2024-01-08 11:36:20.360
621180252,"202352",WK2413,RGP-096L-0D,RGP,221920,2024-01-08 11:36:20.360
621173873,"202352",WK2414,RGP-096L-0D,RGP,203680,2024-01-08 11:36:20.360
621173874,"202352",WK2415,RGP-096L-0D,RGP,199424,2024-01-08 11:36:20.360
621157645,"202352",WK2416,RGP-096L-0D,RGP,160056,2024-01-08 11:36:20.360
621173875,"202352",WK2417,RGP-096L-0D,RGP,176928,2024-01-08 11:36:20.360
621180253,"202352",WK2418,RGP-096L-0D,RGP,137560,2024-01-08 11:36:20.360
621157646,"202352",WK2419,RGP-096L-0D,RGP,109440,2024-01-08 11:36:20.360
699761825,"202402",WK2402,RGP-096L-0D,RGP,300000,2024-01-15 14:09:24.667
699774470,"202402",WK2403,RGP-096L-0D,RGP,110025,2024-01-15 14:09:24.667
699758673,"202402",WK2404,RGP-096L-0D,RGP,51832,2024-01-15 14:09:24.667
699768132,"202402",WK2405,RGP-096L-0D,RGP,13680,2024-01-15 14:09:24.667
699771272,"202402",WK2406,RGP-096L-0D,RGP,266912,2024-01-15 14:09:24.667
699777603,"202402",WK2408,RGP-096L-0D,RGP,250040,2024-01-15 14:09:24.667
699765040,"202402",WK2409,RGP-096L-0D,RGP,222000,2024-01-15 14:09:24.667
699768133,"202402",WK2411,RGP-096L-0D,RGP,278160,2024-01-15 14:09:24.667
699768134,"202402",WK2412,RGP-096L-0D,RGP,221920,2024-01-15 14:09:24.667
699771273,"202402",WK2413,RGP-096L-0D,RGP,221920,2024-01-15 14:09:24.667
699765041,"202402",WK2414,RGP-096L-0D,RGP,203680,2024-01-15 14:09:24.667
699758674,"202402",WK2415,RGP-096L-0D,RGP,199424,2024-01-15 14:09:24.667
699780695,"202402",WK2416,RGP-096L-0D,RGP,160056,2024-01-15 14:09:24.667
699758675,"202402",WK2417,RGP-096L-0D,RGP,176928,2024-01-15 14:09:24.667
699758676,"202402",WK2418,RGP-096L-0D,RGP,137560,2024-01-15 14:09:24.667
699761826,"202402",WK2419,RGP-096L-0D,RGP,109440,2024-01-15 14:09:24.667
699761827,"202402",WK2420,RGP-096L-0D,RGP,109440,2024-01-15 14:09:24.667
699768135,"202402",WK2421,RGP-096L-0D,RGP,109440,2024-01-15 14:09:24.667
751037745,"202403",WK2403,RGP-096L-0D,RGP,110025,2024-01-22 14:31:32.673
751050395,"202403",WK2405,RGP-096L-0D,RGP,115512,2024-01-22 14:31:32.673
751053496,"202403",WK2406,RGP-096L-0D,RGP,42449,2024-01-22 14:31:32.673
751044046,"202403",WK2407,RGP-096L-0D,RGP,224543,2024-01-22 14:31:32.673
751037746,"202403",WK2408,RGP-096L-0D,RGP,250040,2024-01-22 14:31:32.673
751040865,"202403",WK2409,RGP-096L-0D,RGP,221920,2024-01-22 14:31:32.673
751056660,"202403",WK2411,RGP-096L-0D,RGP,278160,2024-01-22 14:31:32.673
751044047,"202403",WK2412,RGP-096L-0D,RGP,221920,2024-01-22 14:31:32.673
751034587,"202403",WK2413,RGP-096L-0D,RGP,221920,2024-01-22 14:31:32.673
751040866,"202403",WK2414,RGP-096L-0D,RGP,203680,2024-01-22 14:31:32.673
751034588,"202403",WK2415,RGP-096L-0D,RGP,199424,2024-01-22 14:31:32.673
751040867,"202403",WK2416,RGP-096L-0D,RGP,160056,2024-01-22 14:31:32.673
751056661,"202403",WK2417,RGP-096L-0D,RGP,176928,2024-01-22 14:31:32.673
751053497,"202403",WK2418,RGP-096L-0D,RGP,137560,2024-01-22 14:31:32.673
751040868,"202403",WK2419,RGP-096L-0D,RGP,109440,2024-01-22 14:31:32.673
751056662,"202403",WK2420,RGP-096L-0D,RGP,109440,2024-01-22 14:31:32.673
751037747,"202403",WK2421,RGP-096L-0D,RGP,109440,2024-01-22 14:31:32.673
751037748,"202403",WK2422,RGP-096L-0D,RGP,109440,2024-01-22 14:31:32.673
801757769,"202404",WK2404,RGP-096L-0D,RGP,340000,2024-01-29 13:54:40.184
801751419,"202404",WK2405,RGP-096L-0D,RGP,187000,2024-01-29 13:54:40.184
801754557,"202404",WK2407,RGP-096L-0D,RGP,187000,2024-01-29 13:54:40.184
801751420,"202404",WK2408,RGP-096L-0D,RGP,187000,2024-01-29 13:54:40.184
801751421,"202404",WK2411,RGP-096L-0D,RGP,51070,2024-01-29 13:54:40.184
801738871,"202404",WK2412,RGP-096L-0D,RGP,176928,2024-01-29 13:54:40.184
801757770,"202404",WK2413,RGP-096L-0D,RGP,221920,2024-01-29 13:54:40.184
801754558,"202404",WK2414,RGP-096L-0D,RGP,203680,2024-01-29 13:54:40.184
801760966,"202404",WK2415,RGP-096L-0D,RGP,199424,2024-01-29 13:54:40.184
801760967,"202404",WK2416,RGP-096L-0D,RGP,63840,2024-01-29 13:54:40.184
801757771,"202404",WK2417,RGP-096L-0D,RGP,148808,2024-01-29 13:54:40.184
801754559,"202404",WK2418,RGP-096L-0D,RGP,154432,2024-01-29 13:54:40.184
801754560,"202404",WK2419,RGP-096L-0D,RGP,179740,2024-01-29 13:54:40.184
801745109,"202404",WK2420,RGP-096L-0D,RGP,109440,2024-01-29 13:54:40.184
801745110,"202404",WK2421,RGP-096L-0D,RGP,109440,2024-01-29 13:54:40.184
801738872,"202404",WK2422,RGP-096L-0D,RGP,109440,2024-01-29 13:54:40.184
801754561,"202404",WK2423,RGP-096L-0D,RGP,91200,2024-01-29 13:54:40.184
852265613,"202405",WK2405,RGP-096L-0D,RGP,118000,2024-02-05 10:51:01.632
852265614,"202405",WK2407,RGP-096L-0D,RGP,312000,2024-02-05 10:51:01.632
852259295,"202405",WK2408,RGP-096L-0D,RGP,250000,2024-02-05 10:51:01.632
852265615,"202405",WK2409,RGP-096L-0D,RGP,312000,2024-02-05 10:51:01.632
852265616,"202405",WK2412,RGP-096L-0D,RGP,157381,2024-02-05 10:51:01.632
852275168,"202405",WK2413,RGP-096L-0D,RGP,221920,2024-02-05 10:51:01.632
852259296,"202405",WK2414,RGP-096L-0D,RGP,203680,2024-02-05 10:51:01.632
852265617,"202405",WK2415,RGP-096L-0D,RGP,199424,2024-02-05 10:51:01.632
852265618,"202405",WK2416,RGP-096L-0D,RGP,63840,2024-02-05 10:51:01.632
852262421,"202405",WK2417,RGP-096L-0D,RGP,148808,2024-02-05 10:51:01.632
852272034,"202405",WK2418,RGP-096L-0D,RGP,154432,2024-02-05 10:51:01.632
852281392,"202405",WK2419,RGP-096L-0D,RGP,179740,2024-02-05 10:51:01.632
852262422,"202405",WK2420,RGP-096L-0D,RGP,109440,2024-02-05 10:51:01.632
852272035,"202405",WK2421,RGP-096L-0D,RGP,109440,2024-02-05 10:51:01.632
852268870,"202405",WK2422,RGP-096L-0D,RGP,109440,2024-02-05 10:51:01.632
852265619,"202405",WK2423,RGP-096L-0D,RGP,91200,2024-02-05 10:51:01.632
852259297,"202405",WK2424,RGP-096L-0D,RGP,314638,2024-02-05 10:51:01.632
901896702,"202406",WK2407,RGP-096L-0D,RGP,312000,2024-02-12 11:23:46.028
901880861,"202406",WK2408,RGP-096L-0D,RGP,250213,2024-02-12 11:23:46.028
901884083,"202406",WK2409,RGP-096L-0D,RGP,155787,2024-02-12 11:23:46.028
901896703,"202406",WK2411,RGP-096L-0D,RGP,136453,2024-02-12 11:23:46.028
901890371,"202406",WK2412,RGP-096L-0D,RGP,176928,2024-02-12 11:23:46.028
901903004,"202406",WK2413,RGP-096L-0D,RGP,221920,2024-02-12 11:23:46.028
901893527,"202406",WK2414,RGP-096L-0D,RGP,203680,2024-02-12 11:23:46.028
901903005,"202406",WK2415,RGP-096L-0D,RGP,199424,2024-02-12 11:23:46.028
901887160,"202406",WK2416,RGP-096L-0D,RGP,63840,2024-02-12 11:23:46.028
901903006,"202406",WK2417,RGP-096L-0D,RGP,148808,2024-02-12 11:23:46.028
901903007,"202406",WK2418,RGP-096L-0D,RGP,154432,2024-02-12 11:23:46.028
901896704,"202406",WK2419,RGP-096L-0D,RGP,179740,2024-02-12 11:23:46.028
901880862,"202406",WK2420,RGP-096L-0D,RGP,109440,2024-02-12 11:23:46.028
901887161,"202406",WK2421,RGP-096L-0D,RGP,109440,2024-02-12 11:23:46.028
901893528,"202406",WK2422,RGP-096L-0D,RGP,109440,2024-02-12 11:23:46.028
901890372,"202406",WK2423,RGP-096L-0D,RGP,91200,2024-02-12 11:23:46.028
999294237,"202407",WK2407,RGP-096L-0D,RGP,312000,2024-02-19 11:21:25.234
999313011,"202407",WK2408,RGP-096L-0D,RGP,250213,2024-02-19 11:21:25.234
999300446,"202407",WK2409,RGP-096L-0D,RGP,155787,2024-02-19 11:21:25.234
999294238,"202407",WK2411,RGP-096L-0D,RGP,136453,2024-02-19 11:21:25.234
999316071,"202407",WK2412,RGP-096L-0D,RGP,176928,2024-02-19 11:21:25.234
999303582,"202407",WK2413,RGP-096L-0D,RGP,221920,2024-02-19 11:21:25.234
999294239,"202407",WK2414,RGP-096L-0D,RGP,203680,2024-02-19 11:21:25.234
999294240,"202407",WK2415,RGP-096L-0D,RGP,199424,2024-02-19 11:21:25.234
999300447,"202407",WK2416,RGP-096L-0D,RGP,63840,2024-02-19 11:21:25.234
999294241,"202407",WK2417,RGP-096L-0D,RGP,148808,2024-02-19 11:21:25.234
999303583,"202407",WK2418,RGP-096L-0D,RGP,154432,2024-02-19 11:21:25.234
999309904,"202407",WK2419,RGP-096L-0D,RGP,179740,2024-02-19 11:21:25.234
999306730,"202407",WK2420,RGP-096L-0D,RGP,109440,2024-02-19 11:21:25.234
999313012,"202407",WK2421,RGP-096L-0D,RGP,109440,2024-02-19 11:21:25.234
999306731,"202407",WK2422,RGP-096L-0D,RGP,109440,2024-02-19 11:21:25.234
999297297,"202407",WK2423,RGP-096L-0D,RGP,91200,2024-02-19 11:21:25.234
1048542560,"202408",WK2408,RGP-096L-0D,RGP,562213,2024-02-26 12:20:53.751
1048542561,"202408",WK2409,RGP-096L-0D,RGP,155787,2024-02-26 12:20:53.751
1048554643,"202408",WK2411,RGP-096L-0D,RGP,136453,2024-02-26 12:20:53.751
1048542562,"202408",WK2412,RGP-096L-0D,RGP,176928,2024-02-26 12:20:53.751
1048548491,"202408",WK2413,RGP-096L-0D,RGP,221920,2024-02-26 12:20:53.751
1048533351,"202408",WK2414,RGP-096L-0D,RGP,203680,2024-02-26 12:20:53.751
1048548492,"202408",WK2415,RGP-096L-0D,RGP,199424,2024-02-26 12:20:53.751
1048551565,"202408",WK2416,RGP-096L-0D,RGP,63840,2024-02-26 12:20:53.751
1048539441,"202408",WK2417,RGP-096L-0D,RGP,148808,2024-02-26 12:20:53.751
1048551566,"202408",WK2418,RGP-096L-0D,RGP,154432,2024-02-26 12:20:53.751
1048533352,"202408",WK2419,RGP-096L-0D,RGP,179740,2024-02-26 12:20:53.751
1048554644,"202408",WK2420,RGP-096L-0D,RGP,109440,2024-02-26 12:20:53.751
1048539442,"202408",WK2421,RGP-096L-0D,RGP,109440,2024-02-26 12:20:53.751
1048542563,"202408",WK2422,RGP-096L-0D,RGP,109440,2024-02-26 12:20:53.751
1048548493,"202408",WK2423,RGP-096L-0D,RGP,91200,2024-02-26 12:20:53.751
1097688015,"202409",WK2409,RGP-096L-0D,RGP,563064,2024-03-04 13:47:47.311
1097688016,"202409",WK2410,RGP-096L-0D,RGP,154936,2024-03-04 13:47:47.311
1097675751,"202409",WK2411,RGP-096L-0D,RGP,136453,2024-03-04 13:47:47.311
1097691082,"202409",WK2412,RGP-096L-0D,RGP,176928,2024-03-04 13:47:47.311
1097681947,"202409",WK2413,RGP-096L-0D,RGP,221920,2024-03-04 13:47:47.311
1097697318,"202409",WK2414,RGP-096L-0D,RGP,203680,2024-03-04 13:47:47.311
1097681948,"202409",WK2415,RGP-096L-0D,RGP,199424,2024-03-04 13:47:47.311
1097675752,"202409",WK2416,RGP-096L-0D,RGP,63840,2024-03-04 13:47:47.311
1097675753,"202409",WK2417,RGP-096L-0D,RGP,148808,2024-03-04 13:47:47.311
1097675754,"202409",WK2418,RGP-096L-0D,RGP,154432,2024-03-04 13:47:47.311
1097697319,"202409",WK2419,RGP-096L-0D,RGP,179740,2024-03-04 13:47:47.311
1097697320,"202409",WK2420,RGP-096L-0D,RGP,109440,2024-03-04 13:47:47.311
1097685008,"202409",WK2421,RGP-096L-0D,RGP,109440,2024-03-04 13:47:47.311
1097691083,"202409",WK2422,RGP-096L-0D,RGP,109440,2024-03-04 13:47:47.311
1097675755,"202409",WK2423,RGP-096L-0D,RGP,91200,2024-03-04 13:47:47.311
1097694211,"202409",WK2426,RGP-096L-0D,RGP,246454,2024-03-04 13:47:47.311
1097694212,"202409",WK2427,RGP-096L-0D,RGP,203010,2024-03-04 13:47:47.311
1097678835,"202409",WK2428,RGP-096L-0D,RGP,178173,2024-03-04 13:47:47.311
1147033364,"202410",WK2410,RGP-096L-0D,RGP,404413,2024-03-11 10:50:41.204
1147021072,"202410",WK2411,RGP-096L-0D,RGP,250040,2024-03-11 10:50:41.204
1147021073,"202410",WK2412,RGP-096L-0D,RGP,176928,2024-03-11 10:50:41.204
1147011798,"202410",WK2413,RGP-096L-0D,RGP,221920,2024-03-11 10:50:41.204
1147017922,"202410",WK2414,RGP-096L-0D,RGP,181184,2024-03-11 10:50:41.204
1147024050,"202410",WK2415,RGP-096L-0D,RGP,199424,2024-03-11 10:50:41.204
1147021074,"202410",WK2416,RGP-096L-0D,RGP,72960,2024-03-11 10:50:41.204
1147030253,"202410",WK2417,RGP-096L-0D,RGP,165680,2024-03-11 10:50:41.204
1147027178,"202410",WK2418,RGP-096L-0D,RGP,154432,2024-03-11 10:50:41.204
1147017923,"202410",WK2419,RGP-096L-0D,RGP,143184,2024-03-11 10:50:41.204
1147030254,"202410",WK2420,RGP-096L-0D,RGP,73036,2024-03-11 10:50:41.204
1147027179,"202410",WK2421,RGP-096L-0D,RGP,22496,2024-03-11 10:50:41.204
1147030255,"202410",WK2422,RGP-096L-0D,RGP,0,2024-03-11 10:50:41.204
1147033365,"202410",WK2423,RGP-096L-0D,RGP,0,2024-03-11 10:50:41.204
1147024051,"202410",WK2424,RGP-096L-0D,RGP,0,2024-03-11 10:50:41.204
1147027180,"202410",WK2425,RGP-096L-0D,RGP,0,2024-03-11 10:50:41.204
1147033366,"202410",WK2426,RGP-096L-0D,RGP,219660,2024-03-11 10:50:41.204
1147021075,"202410",WK2427,RGP-096L-0D,RGP,205390,2024-03-11 10:50:41.204
1147030256,"202410",WK2428,RGP-096L-0D,RGP,166917,2024-03-11 10:50:41.204
1147024052,"202410",WK2429,RGP-096L-0D,RGP,154816,2024-03-11 10:50:41.204
1196815305,"202411",WK2411,RGP-096L-0D,RGP,404453,2024-03-18 13:16:18.418
1196812208,"202411",WK2412,RGP-096L-0D,RGP,182600,2024-03-18 13:16:18.418
1196812209,"202411",WK2413,RGP-096L-0D,RGP,221920,2024-03-18 13:16:18.418
1196830791,"202411",WK2414,RGP-096L-0D,RGP,181184,2024-03-18 13:16:18.418
1196815306,"202411",WK2415,RGP-096L-0D,RGP,199424,2024-03-18 13:16:18.418
1196830792,"202411",WK2416,RGP-096L-0D,RGP,72960,2024-03-18 13:16:18.418
1196812210,"202411",WK2417,RGP-096L-0D,RGP,165680,2024-03-18 13:16:18.418
1196830793,"202411",WK2418,RGP-096L-0D,RGP,154432,2024-03-18 13:16:18.418
1196815307,"202411",WK2419,RGP-096L-0D,RGP,143184,2024-03-18 13:16:18.418
1196833989,"202411",WK2420,RGP-096L-0D,RGP,73036,2024-03-18 13:16:18.418
1196827730,"202411",WK2421,RGP-096L-0D,RGP,22496,2024-03-18 13:16:18.418
1196812211,"202411",WK2422,RGP-096L-0D,RGP,0,2024-03-18 13:16:18.418
1196830794,"202411",WK2423,RGP-096L-0D,RGP,0,2024-03-18 13:16:18.418
1196830795,"202411",WK2424,RGP-096L-0D,RGP,0,2024-03-18 13:16:18.418
1196815308,"202411",WK2425,RGP-096L-0D,RGP,0,2024-03-18 13:16:18.418
1196812212,"202411",WK2426,RGP-096L-0D,RGP,219660,2024-03-18 13:16:18.418
1196812213,"202411",WK2427,RGP-096L-0D,RGP,205390,2024-03-18 13:16:18.418
1196821524,"202411",WK2428,RGP-096L-0D,RGP,166917,2024-03-18 13:16:18.418
1196812214,"202411",WK2429,RGP-096L-0D,RGP,154816,2024-03-18 13:16:18.418
1196812215,"202411",WK2430,RGP-096L-0D,RGP,121002,2024-03-18 13:16:18.418
1245561646,"202412",WK2412,RGP-096L-0D,RGP,337053,2024-03-25 15:31:52.987
1245570806,"202412",WK2413,RGP-096L-0D,RGP,221920,2024-03-25 15:31:52.987
1245567740,"202412",WK2414,RGP-096L-0D,RGP,181184,2024-03-25 15:31:52.987
1245579887,"202412",WK2415,RGP-096L-0D,RGP,199424,2024-03-25 15:31:52.987
1245576875,"202412",WK2416,RGP-096L-0D,RGP,72960,2024-03-25 15:31:52.987
1245567741,"202412",WK2417,RGP-096L-0D,RGP,165680,2024-03-25 15:31:52.987
1245579888,"202412",WK2418,RGP-096L-0D,RGP,154432,2024-03-25 15:31:52.987
1245573835,"202412",WK2419,RGP-096L-0D,RGP,143184,2024-03-25 15:31:52.987
1245561647,"202412",WK2420,RGP-096L-0D,RGP,73036,2024-03-25 15:31:52.987
1245570807,"202412",WK2421,RGP-096L-0D,RGP,22496,2024-03-25 15:31:52.987
1245576876,"202412",WK2422,RGP-096L-0D,RGP,0,2024-03-25 15:31:52.987
1245558656,"202412",WK2423,RGP-096L-0D,RGP,0,2024-03-25 15:31:52.987
1245558657,"202412",WK2424,RGP-096L-0D,RGP,0,2024-03-25 15:31:52.987
1245573836,"202412",WK2425,RGP-096L-0D,RGP,0,2024-03-25 15:31:52.987
1245570808,"202412",WK2426,RGP-096L-0D,RGP,217103,2024-03-25 15:31:52.987
1245564640,"202412",WK2427,RGP-096L-0D,RGP,205437,2024-03-25 15:31:52.987
1245579889,"202412",WK2428,RGP-096L-0D,RGP,166956,2024-03-25 15:31:52.987
1245567742,"202412",WK2429,RGP-096L-0D,RGP,154852,2024-03-25 15:31:52.987
1245579890,"202412",WK2430,RGP-096L-0D,RGP,121033,2024-03-25 15:31:52.987
1245564641,"202412",WK2431,RGP-096L-0D,RGP,121034,2024-03-25 15:31:52.987
1294871765,"202413",WK2413,RGP-096L-0D,RGP,558973,2024-04-01 11:03:08.366
1294871766,"202413",WK2414,RGP-096L-0D,RGP,181184,2024-04-01 11:03:08.366
1294881039,"202413",WK2415,RGP-096L-0D,RGP,199424,2024-04-01 11:03:08.366
1294871767,"202413",WK2416,RGP-096L-0D,RGP,72960,2024-04-01 11:03:08.366
1294871768,"202413",WK2417,RGP-096L-0D,RGP,165680,2024-04-01 11:03:08.366
1294871769,"202413",WK2418,RGP-096L-0D,RGP,154432,2024-04-01 11:03:08.366
1294877934,"202413",WK2419,RGP-096L-0D,RGP,143184,2024-04-01 11:03:08.366
1294881040,"202413",WK2420,RGP-096L-0D,RGP,73036,2024-04-01 11:03:08.366
1294874847,"202413",WK2421,RGP-096L-0D,RGP,22496,2024-04-01 11:03:08.366
1294862395,"202413",WK2422,RGP-096L-0D,RGP,0,2024-04-01 11:03:08.366
1294868679,"202413",WK2423,RGP-096L-0D,RGP,0,2024-04-01 11:03:08.366
1294874848,"202413",WK2424,RGP-096L-0D,RGP,0,2024-04-01 11:03:08.366
1294884087,"202413",WK2425,RGP-096L-0D,RGP,0,2024-04-01 11:03:08.366
1294881041,"202413",WK2426,RGP-096L-0D,RGP,217103,2024-04-01 11:03:08.366
1294881042,"202413",WK2427,RGP-096L-0D,RGP,205437,2024-04-01 11:03:08.366
1294868680,"202413",WK2428,RGP-096L-0D,RGP,166956,2024-04-01 11:03:08.366
1294874849,"202413",WK2429,RGP-096L-0D,RGP,154852,2024-04-01 11:03:08.366
1294865455,"202413",WK2430,RGP-096L-0D,RGP,121033,2024-04-01 11:03:08.366
1294877935,"202413",WK2431,RGP-096L-0D,RGP,121034,2024-04-01 11:03:08.366
1294862396,"202413",WK2432,RGP-096L-0D,RGP,121033,2024-04-01 11:03:08.366
1344155513,"202414",WK2414,RGP-096L-0D,RGP,425157,2024-04-08 13:56:26.099
1344149181,"202414",WK2415,RGP-096L-0D,RGP,199424,2024-04-08 13:56:26.099
1344167678,"202414",WK2416,RGP-096L-0D,RGP,72960,2024-04-08 13:56:26.099
1344149182,"202414",WK2417,RGP-096L-0D,RGP,165680,2024-04-08 13:56:26.099
1344167679,"202414",WK2418,RGP-096L-0D,RGP,154432,2024-04-08 13:56:26.099
1344158549,"202414",WK2419,RGP-096L-0D,RGP,143184,2024-04-08 13:56:26.099
1344158550,"202414",WK2420,RGP-096L-0D,RGP,73036,2024-04-08 13:56:26.099
1344155514,"202414",WK2421,RGP-096L-0D,RGP,22496,2024-04-08 13:56:26.099
1344152356,"202414",WK2422,RGP-096L-0D,RGP,0,2024-04-08 13:56:26.099
1344149183,"202414",WK2423,RGP-096L-0D,RGP,0,2024-04-08 13:56:26.099
1344158551,"202414",WK2424,RGP-096L-0D,RGP,0,2024-04-08 13:56:26.099
1344170757,"202414",WK2425,RGP-096L-0D,RGP,0,2024-04-08 13:56:26.099
1344158552,"202414",WK2426,RGP-096L-0D,RGP,193655,2024-04-08 13:56:26.099
1344164608,"202414",WK2427,RGP-096L-0D,RGP,181552,2024-04-08 13:56:26.099
1344164609,"202414",WK2428,RGP-096L-0D,RGP,145242,2024-04-08 13:56:26.099
1344152357,"202414",WK2429,RGP-096L-0D,RGP,133139,2024-04-08 13:56:26.099
1344170758,"202414",WK2430,RGP-096L-0D,RGP,121034,2024-04-08 13:56:26.099
1344161543,"202414",WK2431,RGP-096L-0D,RGP,121034,2024-04-08 13:56:26.099
1344161544,"202414",WK2432,RGP-096L-0D,RGP,119397,2024-04-08 13:56:26.099
1344155515,"202414",WK2433,RGP-096L-0D,RGP,121036,2024-04-08 13:56:26.099
1385084423,"202415",WK2415,RGP-096L-0D,RGP,504581,2024-04-18 11:43:53.259
1385072443,"202415",WK2416,RGP-096L-0D,RGP,206000,2024-04-18 11:43:53.259
1385078374,"202415",WK2417,RGP-096L-0D,RGP,186341,2024-04-18 11:43:53.259
1385084424,"202415",WK2418,RGP-096L-0D,RGP,156000,2024-04-18 11:43:53.259
1385093648,"202415",WK2419,RGP-096L-0D,RGP,248000,2024-04-18 11:43:53.259
1385093649,"202415",WK2420,RGP-096L-0D,RGP,439085,2024-04-18 11:43:53.259
1385087472,"202415",WK2421,RGP-096L-0D,RGP,209862,2024-04-18 11:43:53.259
1385078375,"202415",WK2422,RGP-096L-0D,RGP,172064,2024-04-18 11:43:53.259
1385075389,"202415",WK2423,RGP-096L-0D,RGP,194560,2024-04-18 11:43:53.259
1385090608,"202415",WK2424,RGP-096L-0D,RGP,194560,2024-04-18 11:43:53.259
1385090609,"202415",WK2425,RGP-096L-0D,RGP,196080,2024-04-18 11:43:53.259
1385081420,"202415",WK2426,RGP-096L-0D,RGP,140600,2024-04-18 11:43:53.259
1385075390,"202415",WK2427,RGP-096L-0D,RGP,140600,2024-04-18 11:43:53.259
1385078376,"202415",WK2428,RGP-096L-0D,RGP,140600,2024-04-18 11:43:53.259
1385078377,"202415",WK2429,RGP-096L-0D,RGP,140600,2024-04-18 11:43:53.259
1385087473,"202415",WK2430,RGP-096L-0D,RGP,112480,2024-04-18 11:43:53.259
1385078378,"202415",WK2431,RGP-096L-0D,RGP,112480,2024-04-18 11:43:53.259
1385081421,"202415",WK2432,RGP-096L-0D,RGP,112480,2024-04-18 11:43:53.259
1385093650,"202415",WK2433,RGP-096L-0D,RGP,95608,2024-04-18 11:43:53.259
1385093651,"202415",WK2434,RGP-096L-0D,RGP,95608,2024-04-18 11:43:53.259
1433516479,"202416",WK2416,RGP-096L-0D,RGP,348000,2024-04-22 14:37:58.671
1433519434,"202416",WK2417,RGP-096L-0D,RGP,308922,2024-04-22 14:37:58.671
1433522442,"202416",WK2418,RGP-096L-0D,RGP,156000,2024-04-22 14:37:58.671
1433528385,"202416",WK2419,RGP-096L-0D,RGP,248000,2024-04-22 14:37:58.671
1433531473,"202416",WK2420,RGP-096L-0D,RGP,439085,2024-04-22 14:37:58.671
1433519435,"202416",WK2421,RGP-096L-0D,RGP,209862,2024-04-22 14:37:58.671
1433525419,"202416",WK2422,RGP-096L-0D,RGP,172064,2024-04-22 14:37:58.671
1433537595,"202416",WK2423,RGP-096L-0D,RGP,194560,2024-04-22 14:37:58.671
1433531474,"202416",WK2424,RGP-096L-0D,RGP,194560,2024-04-22 14:37:58.671
1433519436,"202416",WK2425,RGP-096L-0D,RGP,196080,2024-04-22 14:37:58.671
1433522443,"202416",WK2426,RGP-096L-0D,RGP,140600,2024-04-22 14:37:58.671
1433531475,"202416",WK2427,RGP-096L-0D,RGP,140600,2024-04-22 14:37:58.671
1433534458,"202416",WK2428,RGP-096L-0D,RGP,140600,2024-04-22 14:37:58.671
1433525420,"202416",WK2429,RGP-096L-0D,RGP,140600,2024-04-22 14:37:58.671
1433522444,"202416",WK2430,RGP-096L-0D,RGP,112480,2024-04-22 14:37:58.671
1433516480,"202416",WK2431,RGP-096L-0D,RGP,112480,2024-04-22 14:37:58.671
1433537596,"202416",WK2432,RGP-096L-0D,RGP,112480,2024-04-22 14:37:58.671
1433522445,"202416",WK2433,RGP-096L-0D,RGP,95608,2024-04-22 14:37:58.671
1433531476,"202416",WK2434,RGP-096L-0D,RGP,95608,2024-04-22 14:37:58.671
1433519437,"202416",WK2435,RGP-096L-0D,RGP,95608,2024-04-22 14:37:58.671
1450774578,"202417",WK2417,RGP-096L-0D,RGP,656922,2024-04-24 11:51:02.610
1450774579,"202417",WK2418,RGP-096L-0D,RGP,156000,2024-04-24 11:51:02.610
1450777593,"202417",WK2419,RGP-096L-0D,RGP,248000,2024-04-24 11:51:02.610
1450762382,"202417",WK2420,RGP-096L-0D,RGP,439085,2024-04-24 11:51:02.610
1450771551,"202417",WK2421,RGP-096L-0D,RGP,209862,2024-04-24 11:51:02.610
1450765441,"202417",WK2422,RGP-096L-0D,RGP,172064,2024-04-24 11:51:02.610
1450762383,"202417",WK2423,RGP-096L-0D,RGP,194560,2024-04-24 11:51:02.610
1450777594,"202417",WK2424,RGP-096L-0D,RGP,194560,2024-04-24 11:51:02.610
1450774580,"202417",WK2425,RGP-096L-0D,RGP,196080,2024-04-24 11:51:02.610
1450765442,"202417",WK2426,RGP-096L-0D,RGP,140600,2024-04-24 11:51:02.610
1450765443,"202417",WK2427,RGP-096L-0D,RGP,140600,2024-04-24 11:51:02.610
1450756266,"202417",WK2428,RGP-096L-0D,RGP,140600,2024-04-24 11:51:02.610
1450771552,"202417",WK2429,RGP-096L-0D,RGP,140600,2024-04-24 11:51:02.610
1450756267,"202417",WK2430,RGP-096L-0D,RGP,112480,2024-04-24 11:51:02.610
1450777595,"202417",WK2431,RGP-096L-0D,RGP,112480,2024-04-24 11:51:02.610
1450768436,"202417",WK2432,RGP-096L-0D,RGP,112480,2024-04-24 11:51:02.610
1450771553,"202417",WK2433,RGP-096L-0D,RGP,95608,2024-04-24 11:51:02.610
1450771554,"202417",WK2434,RGP-096L-0D,RGP,95608,2024-04-24 11:51:02.610
1450765444,"202417",WK2435,RGP-096L-0D,RGP,95608,2024-04-24 11:51:02.610
1450768437,"202417",WK2436,RGP-096L-0D,RGP,95608,2024-04-24 11:51:02.610
