"id","so_no","so_line","request_date","due_date","prd_name","prd_series","qty_bal","update_datetime"
4575,"2SD90055",1,"2023-02-01 00:00:00","2023-02-06 00:00:00",RGPZ-388ML-3C,RGP,3700,2024-04-25 13:46:03.784
4577,"2SD90804",1,"2023-02-09 00:00:00","2023-02-09 00:00:00",RGPZ-389ML-5C,RGP,100,2024-04-25 13:46:03.784
252982210,"2SE02879",3,"2024-04-01 00:00:00","2023-04-29 00:00:00",RGPZ-357ML-1C,RGP,60000,2024-04-25 13:46:03.784
2313,"2SD02806",1,"2023-05-11 00:00:00","2023-05-11 00:00:00",RGPZ-392MW-0A,RGP,1,2024-04-25 13:46:03.784
2314,"2SD02833",1,"2023-06-06 00:00:00","2023-06-06 00:00:00",RGPZ-437ML-1A,RGP,6863,2024-04-25 13:46:03.784
35323225,"2SD07551",1,"2023-11-20 00:00:00","2023-11-20 00:00:00",RGPZ-443ML-3B,RGP,4686,2024-04-25 13:46:03.784
144378399,"2SE00543",1,"2024-01-17 00:00:00","2024-01-17 00:00:00",RGPZ-486ML-0A,RGP,5605,2024-04-25 13:46:03.784
153534076,"2SE00695",1,"2024-01-24 00:00:00","2024-01-24 00:00:00",RGPZ-486ML-0A,RGP,8467,2024-04-25 13:46:03.784
169606595,"2SE01021",1,"2024-01-31 00:00:00","2024-01-31 00:00:00",RGPZ-491ML-0A,RGP,5700,2024-04-25 13:46:03.784
248934404,"2SE01603",1,"2024-02-23 00:00:00","2024-02-23 00:00:00",RGPZ-437ML-1D,RGP,5528,2024-04-25 13:46:03.784
191507196,"2SE01622",1,"2024-02-23 00:00:00","2024-02-23 00:00:00",RGPZ-437ML-6C,RGP,500,2024-04-25 13:46:03.784
197805318,"2SE01567",1,"2024-03-12 00:00:00","2024-03-12 00:00:00",RGPZ-443ML-2D,RGP,16504,2024-04-25 13:46:03.784
237157570,"2SE02918",1,"2024-03-27 00:00:00","2024-03-27 00:00:00",RGPZ-448ML-0D,RGP,39354,2024-04-25 13:46:03.784
206908896,"2SE02014",1,"2024-04-25 00:00:00","2024-04-01 00:00:00",RGPZ-437ML-3D,RGP,2185,2024-04-25 13:46:03.784
246139955,"2SE03214",1,"2024-04-02 00:00:00","2024-04-02 00:00:00",RGPZ-388ML-0E,RGP,170000,2024-04-25 13:46:03.784
246139956,"2SE03215",1,"2024-04-02 00:00:00","2024-04-02 00:00:00",RGPZ-388ML-0E,RGP,120000,2024-04-25 13:46:03.784
246139960,"2SE03219",1,"2024-04-02 00:00:00","2024-04-02 00:00:00",RGPZ-448ML-0D,RGP,17981,2024-04-25 13:46:03.784
255521532,"2SE01688",5,"2024-02-23 00:00:00","2024-04-03 00:00:00",RGPZ-315ML-0D,RGP,100000,2024-04-25 13:46:03.784
217240532,"2SE01985",1,"2024-04-04 00:00:00","2024-04-04 00:00:00",RGPZ-437ML-4D,RGP,1368,2024-04-25 13:46:03.784
230524896,"2SE02734",1,"2024-04-08 00:00:00","2024-04-08 00:00:00",RGPZ-497ML-0A,RGP,1200,2024-04-25 13:46:03.784
230524897,"2SE02735",1,"2024-04-08 00:00:00","2024-04-08 00:00:00",RGPZ-498ML-0A,RGP,2000,2024-04-25 13:46:03.784
254188048,"2SE03203",1,"2024-04-12 00:00:00","2024-04-12 00:00:00",RGPZ-437ML-1E,RGP,5594,2024-04-25 13:46:03.784
246139950,"2SE03204",1,"2024-04-12 00:00:00","2024-04-12 00:00:00",RGPZ-437ML-3E,RGP,500,2024-04-25 13:46:03.784
270146074,"2SE03205",1,"2024-04-12 00:00:00","2024-04-12 00:00:00",RGPZ-443ML-1E,RGP,5760,2024-04-25 13:46:03.784
246139951,"2SE03206",1,"2024-04-12 00:00:00","2024-04-12 00:00:00",RGPZ-443ML-2E,RGP,500,2024-04-25 13:46:03.784
263703279,"2SE03610",1,"2024-04-17 00:00:00","2024-04-17 00:00:00",RGPZ-437ML-1E,RGP,1286,2024-04-25 13:46:03.784
270146455,"2SE03611",1,"2024-04-17 00:00:00","2024-04-17 00:00:00",RGPZ-443ML-1E,RGP,638,2024-04-25 13:46:03.784
247445926,"2SE03273",1,"2024-04-19 00:00:00","2024-04-19 00:00:00",RGPZ-441ML-1D,RGP,6714,2024-04-25 13:46:03.784
239438309,"2SE02962",1,"2024-04-22 00:00:00","2024-04-22 00:00:00",RGPZ-437ML-0E,RGP,5536,2024-04-25 13:46:03.784
270268727,"2SE02963",1,"2024-04-22 00:00:00","2024-04-22 00:00:00",RGPZ-437ML-2E,RGP,9936,2024-04-25 13:46:03.784
239438315,"2SE02967",1,"2024-04-22 00:00:00","2024-04-22 00:00:00",RGPZ-443ML-0E,RGP,10726,2024-04-25 13:46:03.784
256739973,"2SE03414",3,"2024-04-30 00:00:00","2024-04-25 00:00:00",RGP-266L-0B,RGP,17572,2024-04-25 13:46:03.784
248943728,"2SE01896",54,"2024-03-01 00:00:00","2024-04-25 00:00:00",RGP-419L-0B,RGP,33554,2024-04-25 13:46:03.784
266469073,"2SE02266",10,"2024-04-11 00:00:00","2024-04-25 00:00:00",RGP-427L-0B,RGP,11635,2024-04-25 13:46:03.784
268953434,"2SE02266",11,"2024-04-11 00:00:00","2024-04-25 00:00:00",RGP-427L-0B,RGP,30000,2024-04-25 13:46:03.784
270110086,"2SE02266",12,"2024-04-11 00:00:00","2024-04-25 00:00:00",RGP-427L-0B,RGP,30000,2024-04-25 13:46:03.784
252735798,"2SE03346",1,"2024-05-06 00:00:00","2024-04-25 00:00:00",RGPZ-162MW-0D,RGP,14403,2024-04-25 13:46:03.784
265284109,"2SE02853",6,"2024-03-29 00:00:00","2024-04-25 00:00:00",RGPZ-303ML-0F,RGP,56400,2024-04-25 13:46:03.784
255237818,"2SE90682",5,"2024-03-31 00:00:00","2024-04-25 00:00:00",RGPZ-378MW-0G,RGP,12600,2024-04-25 13:46:03.784
237010321,"2SE02894",1,"2024-03-31 00:00:00","2024-04-25 00:00:00",RGPZ-378MW-2G,RGP,7560,2024-04-25 13:46:03.784
268752358,"2SE02689",2,"2024-03-20 00:00:00","2024-04-25 00:00:00",RGPZ-404ML-0E,RGP,205552,2024-04-25 13:46:03.784
244880574,"2SE03146",1,"2024-04-25 00:00:00","2024-04-25 00:00:00",RGPZ-414MW-0C,RGP,70,2024-04-25 13:46:03.784
244880575,"2SE03147",1,"2024-04-25 00:00:00","2024-04-25 00:00:00",RGPZ-414MW-1C,RGP,70,2024-04-25 13:46:03.784
268874548,"2SE02319",2,"2024-03-08 00:00:00","2024-04-25 00:00:00",RGPZ-445ML-0D,RGP,5000,2024-04-25 13:46:03.784
235748453,"2SE00581",3,"2024-02-23 00:00:00","2024-04-25 00:00:00",RGPZ-481ML-5A,RGP,7493,2024-04-25 13:46:03.784
237102370,"2SE02902",3,"2024-03-27 00:00:00","2024-04-26 00:00:00",RGP-096L-0D,RGP,120000,2024-04-25 13:46:03.784
238206203,"2SE02854",4,"2024-03-29 00:00:00","2024-04-26 00:00:00",RGP-145S-0B,RGP,60480,2024-04-25 13:46:03.784
256687565,"2SE02855",4,"2024-03-29 00:00:00","2024-04-26 00:00:00",RGP-184S-0D,RGP,50220,2024-04-25 13:46:03.784
256739974,"2SE03414",4,"2024-04-30 00:00:00","2024-04-26 00:00:00",RGP-266L-0B,RGP,10130,2024-04-25 13:46:03.784
256739975,"2SE03414",5,"2024-04-30 00:00:00","2024-04-26 00:00:00",RGP-266L-0B,RGP,30000,2024-04-25 13:46:03.784
265036291,"2SE02856",6,"2024-03-29 00:00:00","2024-04-26 00:00:00",RGP-309S-0B,RGP,704160,2024-04-25 13:46:03.784
239465120,"2SE01897",11,"2024-03-01 00:00:00","2024-04-26 00:00:00",RGP-368L-0B,RGP,10000,2024-04-25 13:46:03.784
230438458,"2SE02729",1,"2024-04-26 00:00:00","2024-04-26 00:00:00",RGP-427L-0B,RGP,24922,2024-04-25 13:46:03.784
271371233,"2SE02266",13,"2024-04-11 00:00:00","2024-04-26 00:00:00",RGP-427L-0B,RGP,5078,2024-04-25 13:46:03.784
61736479,"2SD08241",1,"2023-12-11 00:00:00","2024-04-26 00:00:00",RGPZ-031MW-0C,RGP,7680,2024-04-25 13:46:03.784
130168648,"2SD08048",3,"2023-12-08 00:00:00","2024-04-26 00:00:00",RGPZ-031MW-0C,RGP,71275,2024-04-25 13:46:03.784
171247013,"2SE01300",1,"2024-02-06 00:00:00","2024-04-26 00:00:00",RGPZ-067MW-0F,RGP,78724,2024-04-25 13:46:03.784
218520342,"2SE02451",1,"2024-03-13 00:00:00","2024-04-26 00:00:00",RGPZ-067MW-0F,RGP,1162,2024-04-25 13:46:03.784
246460615,"2SE03270",1,"2024-04-03 00:00:00","2024-04-26 00:00:00",RGPZ-067MW-0F,RGP,4200,2024-04-25 13:46:03.784
182094707,"2SE01064",2,"2024-02-01 00:00:00","2024-04-26 00:00:00",RGPZ-067MW-0F,RGP,32978,2024-04-25 13:46:03.784
246139586,"2SE02867",6,"2024-03-31 00:00:00","2024-04-26 00:00:00",RGPZ-086MW-1E,RGP,10000,2024-04-25 13:46:03.784
256705444,"2SE03457",1,"2024-05-22 00:00:00","2024-04-26 00:00:00",RGPZ-098ML-1B,RGP,14604,2024-04-25 13:46:03.784
238112051,"2SE01637",2,"2024-03-06 00:00:00","2024-04-26 00:00:00",RGPZ-098ML-1B,RGP,1529,2024-04-25 13:46:03.784
246139597,"2SE02872",6,"2024-03-31 00:00:00","2024-04-26 00:00:00",RGPZ-127MW-1E,RGP,10000,2024-04-25 13:46:03.784
209518615,"2SE01548",12,"2024-02-20 00:00:00","2024-04-26 00:00:00",RGPZ-143MW-2E,RGP,6356,2024-04-25 13:46:03.784
255353210,"2SE02966",5,"2024-03-28 00:00:00","2024-04-26 00:00:00",RGPZ-146ML-0B,RGP,25000,2024-04-25 13:46:03.784
255362128,"2SE02968",5,"2024-03-28 00:00:00","2024-04-26 00:00:00",RGPZ-147ML-0B,RGP,9000,2024-04-25 13:46:03.784
265302786,"2SE03068",5,"2024-04-22 00:00:00","2024-04-26 00:00:00",RGPZ-228ML-1E,RGP,70000,2024-04-25 13:46:03.784
272507695,"2SE03068",6,"2024-04-22 00:00:00","2024-04-26 00:00:00",RGPZ-228ML-1E,RGP,10000,2024-04-25 13:46:03.784
255362133,"2SE02969",5,"2024-03-28 00:00:00","2024-04-26 00:00:00",RGPZ-299NL-0C,RGP,24000,2024-04-25 13:46:03.784
255289728,"2SE01688",4,"2024-02-23 00:00:00","2024-04-26 00:00:00",RGPZ-315ML-0D,RGP,167046,2024-04-25 13:46:03.784
266327252,"2SE02941",8,"2024-03-31 00:00:00","2024-04-26 00:00:00",RGPZ-345MW-0D,RGP,263680,2024-04-25 13:46:03.784
266336229,"2SE02942",8,"2024-03-31 00:00:00","2024-04-26 00:00:00",RGPZ-346MW-0D,RGP,264000,2024-04-25 13:46:03.784
265293406,"2SE02897",6,"2024-03-31 00:00:00","2024-04-26 00:00:00",RGPZ-381MW-1G,RGP,10080,2024-04-25 13:46:03.784
248744999,"2SE02950",2,"2024-03-31 00:00:00","2024-04-26 00:00:00",RGPZ-381MW-3G,RGP,30030,2024-04-25 13:46:03.784
256503889,"2SE03436",3,"2024-04-09 00:00:00","2024-04-26 00:00:00",RGPZ-394ML-0D,RGP,159000,2024-04-25 13:46:03.784
227840058,"2SE01907",2,"2024-02-28 00:00:00","2024-04-26 00:00:00",RGPZ-395ML-0D,RGP,215487,2024-04-25 13:46:03.784
173873516,"2SE01349",1,"2024-02-08 00:00:00","2024-04-26 00:00:00",RGPZ-403ML-0C,RGP,27300,2024-04-25 13:46:03.784
144170383,"2SD09763",3,"2023-12-21 00:00:00","2024-04-26 00:00:00",RGPZ-403ML-0C,RGP,173700,2024-04-25 13:46:03.784
219946908,"2SE02478",1,"2024-04-22 00:00:00","2024-04-26 00:00:00",RGPZ-445ML-1D,RGP,3732,2024-04-25 13:46:03.784
263730051,"2SE90781",1,"2024-04-18 00:00:00","2024-04-26 00:00:00",RGPZ-448ML-0C,RGP,3000,2024-04-25 13:46:03.784
234404672,"2SE02724",1,"2024-03-22 00:00:00","2024-04-26 00:00:00",RGPZ-448ML-0D,RGP,11750,2024-04-25 13:46:03.784
263676309,"2SE02710",2,"2024-03-22 00:00:00","2024-04-26 00:00:00",RGPZ-448ML-1D,RGP,3631,2024-04-25 13:46:03.784
217177343,"2SE02055",1,"2024-04-08 00:00:00","2024-04-26 00:00:00",RGPZ-454ML-1D,RGP,5087,2024-04-25 13:46:03.784
256739976,"2SE03414",6,"2024-04-30 00:00:00","2024-04-27 00:00:00",RGP-266L-0B,RGP,30000,2024-04-25 13:46:03.784
230524868,"2SE02729",2,"2024-04-26 00:00:00","2024-04-27 00:00:00",RGP-427L-0B,RGP,20000,2024-04-25 13:46:03.784
263997979,"2SE03445",3,"2024-04-12 00:00:00","2024-04-27 00:00:00",RGP-478W-2A,RGP,1068,2024-04-25 13:46:03.784
255246094,"2SE02851",3,"2024-03-29 00:00:00","2024-04-27 00:00:00",RGPZ-054ML-15B,RGP,60480,2024-04-25 13:46:03.784
256608737,"2SE02852",4,"2024-03-29 00:00:00","2024-04-27 00:00:00",RGPZ-126ML-0D,RGP,20736,2024-04-25 13:46:03.784
271336224,"2SE02853",7,"2024-03-29 00:00:00","2024-04-27 00:00:00",RGPZ-303ML-0F,RGP,46800,2024-04-25 13:46:03.784
265285044,"2SE90668",9,"2024-03-27 00:00:00","2024-04-27 00:00:00",RGPZ-303ML-0F,RGP,10800,2024-04-25 13:46:03.784
270234466,"2SE03848",1,"2024-04-23 00:00:00","2024-04-27 00:00:00",RGPZ-314ML-0C,RGP,8648,2024-04-25 13:46:03.784
270234467,"2SE03849",1,"2024-04-23 00:00:00","2024-04-27 00:00:00",RGPZ-314ML-0C,RGP,8400,2024-04-25 13:46:03.784
236862903,"2SE02808",2,"2024-03-25 00:00:00","2024-04-27 00:00:00",RGPZ-314ML-0C,RGP,24632,2024-04-25 13:46:03.784
266327177,"2SE02873",8,"2024-03-31 00:00:00","2024-04-27 00:00:00",RGPZ-345MW-0D,RGP,75520,2024-04-25 13:46:03.784
266327179,"2SE02874",8,"2024-03-31 00:00:00","2024-04-27 00:00:00",RGPZ-346MW-0D,RGP,75200,2024-04-25 13:46:03.784
270234464,"2SE03846",1,"2024-04-27 00:00:00","2024-04-27 00:00:00",RGPZ-419ML-10B,RGP,42318,2024-04-25 13:46:03.784
270234463,"2SE03845",1,"2024-04-27 00:00:00","2024-04-27 00:00:00",RGPZ-419ML-8B,RGP,7452,2024-04-25 13:46:03.784
239513404,"2SE02985",2,"2024-03-28 00:00:00","2024-04-29 00:00:00",RGP-145S-1B,RGP,50400,2024-04-25 13:46:03.784
263801866,"2SE03651",1,"2024-04-24 00:00:00","2024-04-29 00:00:00",RGP-266L-0B,RGP,735,2024-04-25 13:46:03.784
272684289,"2SE03414",7,"2024-04-30 00:00:00","2024-04-29 00:00:00",RGP-266L-0B,RGP,29265,2024-04-25 13:46:03.784
265036464,"2SE02987",4,"2024-03-28 00:00:00","2024-04-29 00:00:00",RGP-309S-1B,RGP,200000,2024-04-25 13:46:03.784
250250396,"2SE01896",55,"2024-03-01 00:00:00","2024-04-29 00:00:00",RGP-419L-0B,RGP,45000,2024-04-25 13:46:03.784
230524869,"2SE02729",3,"2024-04-26 00:00:00","2024-04-29 00:00:00",RGP-427L-0B,RGP,20000,2024-04-25 13:46:03.784
263970543,"2SE03436",4,"2024-04-09 00:00:00","2024-04-29 00:00:00",RGPZ-394ML-0D,RGP,100000,2024-04-25 13:46:03.784
271424901,"2SE02689",3,"2024-03-20 00:00:00","2024-04-29 00:00:00",RGPZ-404ML-0E,RGP,150000,2024-04-25 13:46:03.784
247757497,"2SE03284",1,"2024-04-29 00:00:00","2024-04-29 00:00:00",RGPZ-437ML-0E,RGP,2185,2024-04-25 13:46:03.784
268883457,"2SE02478",2,"2024-04-22 00:00:00","2024-04-29 00:00:00",RGPZ-445ML-1D,RGP,5000,2024-04-25 13:46:03.784
265275703,"2SE03651",2,"2024-04-24 00:00:00","2024-04-30 00:00:00",RGP-266L-0B,RGP,30000,2024-04-25 13:46:03.784
252871432,"2SE01896",56,"2024-03-01 00:00:00","2024-04-30 00:00:00",RGP-419L-0B,RGP,45000,2024-04-25 13:46:03.784
230524870,"2SE02729",4,"2024-04-26 00:00:00","2024-04-30 00:00:00",RGP-427L-0B,RGP,20000,2024-04-25 13:46:03.784
246139587,"2SE02867",7,"2024-03-31 00:00:00","2024-04-30 00:00:00",RGPZ-086MW-1E,RGP,8000,2024-04-25 13:46:03.784
246139598,"2SE02872",7,"2024-03-31 00:00:00","2024-04-30 00:00:00",RGPZ-127MW-1E,RGP,8000,2024-04-25 13:46:03.784
236889379,"2SE01723",10,"2024-02-27 00:00:00","2024-04-30 00:00:00",RGPZ-315ML-1D,RGP,58635,2024-04-25 13:46:03.784
271496740,"2SE03436",5,"2024-04-09 00:00:00","2024-04-30 00:00:00",RGPZ-394ML-0D,RGP,100000,2024-04-25 13:46:03.784
227840059,"2SE01907",3,"2024-02-28 00:00:00","2024-04-30 00:00:00",RGPZ-395ML-0D,RGP,37550,2024-04-25 13:46:03.784
268883458,"2SE02478",3,"2024-04-22 00:00:00","2024-04-30 00:00:00",RGPZ-445ML-1D,RGP,5000,2024-04-25 13:46:03.784
271257826,"2SE03871",1,"2024-05-01 00:00:00","2024-05-01 00:00:00",RGP-493W-0A,RGP,26100,2024-04-25 13:46:03.784
217222472,"2SE01986",1,"2024-05-01 00:00:00","2024-05-01 00:00:00",RGPZ-443ML-3D,RGP,677,2024-04-25 13:46:03.784
265275704,"2SE03651",3,"2024-04-24 00:00:00","2024-05-02 00:00:00",RGP-266L-0B,RGP,30000,2024-04-25 13:46:03.784
254159678,"2SE01896",57,"2024-03-01 00:00:00","2024-05-02 00:00:00",RGP-419L-0B,RGP,46663,2024-04-25 13:46:03.784
230524871,"2SE02729",5,"2024-04-26 00:00:00","2024-05-02 00:00:00",RGP-427L-0B,RGP,20000,2024-04-25 13:46:03.784
255353211,"2SE02966",6,"2024-03-28 00:00:00","2024-05-02 00:00:00",RGPZ-146ML-0B,RGP,15000,2024-04-25 13:46:03.784
255362134,"2SE02969",6,"2024-03-28 00:00:00","2024-05-02 00:00:00",RGPZ-299NL-0C,RGP,15000,2024-04-25 13:46:03.784
255371080,"2SE02970",5,"2024-03-28 00:00:00","2024-05-02 00:00:00",RGPZ-300NL-0C,RGP,6000,2024-04-25 13:46:03.784
271496741,"2SE03436",6,"2024-04-09 00:00:00","2024-05-02 00:00:00",RGPZ-394ML-0D,RGP,59000,2024-04-25 13:46:03.784
271433800,"2SE02689",4,"2024-03-20 00:00:00","2024-05-02 00:00:00",RGPZ-404ML-0E,RGP,305700,2024-04-25 13:46:03.784
238113310,"2SE02912",2,"2024-03-29 00:00:00","2024-05-03 00:00:00",RGP-096L-0D,RGP,282996,2024-04-25 13:46:03.784
255344242,"2SE02902",4,"2024-03-27 00:00:00","2024-05-03 00:00:00",RGP-096L-0D,RGP,130000,2024-04-25 13:46:03.784
238206204,"2SE02854",5,"2024-03-29 00:00:00","2024-05-03 00:00:00",RGP-145S-0B,RGP,50000,2024-04-25 13:46:03.784
256816606,"2SE02855",5,"2024-03-29 00:00:00","2024-05-03 00:00:00",RGP-184S-0D,RGP,80951,2024-04-25 13:46:03.784
265275705,"2SE03651",4,"2024-04-24 00:00:00","2024-05-03 00:00:00",RGP-266L-0B,RGP,30000,2024-04-25 13:46:03.784
230524872,"2SE02729",6,"2024-04-26 00:00:00","2024-05-03 00:00:00",RGP-427L-0B,RGP,20000,2024-04-25 13:46:03.784
191578845,"2SE01638",1,"2024-05-27 00:00:00","2024-05-03 00:00:00",RGPZ-025ML-1C,RGP,4995,2024-04-25 13:46:03.784
246239641,"2SE02849",5,"2024-03-29 00:00:00","2024-05-03 00:00:00",RGPZ-030MW-2C,RGP,37800,2024-04-25 13:46:03.784
238131952,"2SE02939",5,"2024-03-31 00:00:00","2024-05-03 00:00:00",RGPZ-086MW-0E,RGP,8000,2024-04-25 13:46:03.784
246139588,"2SE02867",8,"2024-03-31 00:00:00","2024-05-03 00:00:00",RGPZ-086MW-1E,RGP,8000,2024-04-25 13:46:03.784
238159827,"2SE02940",5,"2024-03-31 00:00:00","2024-05-03 00:00:00",RGPZ-127MW-0E,RGP,8000,2024-04-25 13:46:03.784
246139599,"2SE02872",8,"2024-03-31 00:00:00","2024-05-03 00:00:00",RGPZ-127MW-1E,RGP,8000,2024-04-25 13:46:03.784
255289752,"2SE01723",11,"2024-02-27 00:00:00","2024-05-03 00:00:00",RGPZ-315ML-1D,RGP,71460,2024-04-25 13:46:03.784
271434028,"2SE02879",4,"2024-04-01 00:00:00","2024-05-03 00:00:00",RGPZ-357ML-1C,RGP,30000,2024-04-25 13:46:03.784
271326455,"2SE01312",4,"2024-02-14 00:00:00","2024-05-03 00:00:00",RGPZ-384MW-1D,RGP,30000,2024-04-25 13:46:03.784
271415151,"2SE01067",2,"2024-02-01 00:00:00","2024-05-03 00:00:00",RGPZ-389ML-1E,RGP,7773,2024-04-25 13:46:03.784
265035458,"2SE01907",4,"2024-02-28 00:00:00","2024-05-03 00:00:00",RGPZ-395ML-0D,RGP,112650,2024-04-25 13:46:03.784
212330721,"2SE02320",1,"2024-03-08 00:00:00","2024-05-03 00:00:00",RGPZ-454ML-0D,RGP,11000,2024-04-25 13:46:03.784
265275706,"2SE03651",5,"2024-04-24 00:00:00","2024-05-04 00:00:00",RGP-266L-0B,RGP,30000,2024-04-25 13:46:03.784
265036292,"2SE02856",7,"2024-03-29 00:00:00","2024-05-04 00:00:00",RGP-309S-0B,RGP,1191852,2024-04-25 13:46:03.784
239503537,"2SE02729",7,"2024-04-26 00:00:00","2024-05-04 00:00:00",RGP-427L-0B,RGP,20000,2024-04-25 13:46:03.784
255353197,"2SE02956",5,"2024-03-28 00:00:00","2024-05-04 00:00:00",RGPZ-146ML-0B,RGP,7840,2024-04-25 13:46:03.784
238373841,"2SE02957",3,"2024-03-28 00:00:00","2024-05-04 00:00:00",RGPZ-147ML-0B,RGP,7840,2024-04-25 13:46:03.784
255362115,"2SE02960",5,"2024-03-28 00:00:00","2024-05-04 00:00:00",RGPZ-299NL-0C,RGP,7840,2024-04-25 13:46:03.784
265275707,"2SE03651",6,"2024-04-24 00:00:00","2024-05-06 00:00:00",RGP-266L-0B,RGP,30000,2024-04-25 13:46:03.784
265036465,"2SE02987",5,"2024-03-28 00:00:00","2024-05-06 00:00:00",RGP-309S-1B,RGP,200000,2024-04-25 13:46:03.784
239503538,"2SE02729",8,"2024-04-26 00:00:00","2024-05-06 00:00:00",RGP-427L-0B,RGP,20000,2024-04-25 13:46:03.784
270050043,"2SE03723",1,"2024-05-07 00:00:00","2024-05-06 00:00:00",RGP-456L-0D,RGP,1120,2024-04-25 13:46:03.784
250096690,"2SE02867",9,"2024-03-31 00:00:00","2024-05-06 00:00:00",RGPZ-086MW-1E,RGP,10000,2024-04-25 13:46:03.784
250096701,"2SE02872",9,"2024-03-31 00:00:00","2024-05-06 00:00:00",RGPZ-127MW-1E,RGP,10000,2024-04-25 13:46:03.784
255353212,"2SE02966",7,"2024-03-28 00:00:00","2024-05-06 00:00:00",RGPZ-146ML-0B,RGP,40000,2024-04-25 13:46:03.784
255362129,"2SE02968",6,"2024-03-28 00:00:00","2024-05-06 00:00:00",RGPZ-147ML-0B,RGP,40000,2024-04-25 13:46:03.784
255362135,"2SE02969",7,"2024-03-28 00:00:00","2024-05-06 00:00:00",RGPZ-299NL-0C,RGP,40588,2024-04-25 13:46:03.784
255371081,"2SE02970",6,"2024-03-28 00:00:00","2024-05-06 00:00:00",RGPZ-300NL-0C,RGP,28281,2024-04-25 13:46:03.784
271496742,"2SE03436",7,"2024-04-09 00:00:00","2024-05-06 00:00:00",RGPZ-394ML-0D,RGP,91000,2024-04-25 13:46:03.784
265035459,"2SE01907",5,"2024-02-28 00:00:00","2024-05-06 00:00:00",RGPZ-395ML-0D,RGP,75100,2024-04-25 13:46:03.784
271434354,"2SE03216",1,"2024-04-02 00:00:00","2024-05-06 00:00:00",RGPZ-404ML-0E,RGP,72837,2024-04-25 13:46:03.784
271433801,"2SE02689",5,"2024-03-20 00:00:00","2024-05-06 00:00:00",RGPZ-404ML-0E,RGP,127075,2024-04-25 13:46:03.784
246139959,"2SE03218",1,"2024-04-02 00:00:00","2024-05-06 00:00:00",RGPZ-441ML-0D,RGP,6209,2024-04-25 13:46:03.784
265275708,"2SE03651",7,"2024-04-24 00:00:00","2024-05-07 00:00:00",RGP-266L-0B,RGP,30000,2024-04-25 13:46:03.784
239503539,"2SE02729",9,"2024-04-26 00:00:00","2024-05-07 00:00:00",RGP-427L-0B,RGP,5232,2024-04-25 13:46:03.784
270050079,"2SE03762",1,"2024-04-26 00:00:00","2024-05-07 00:00:00",RGP-456L-0D,RGP,4000,2024-04-25 13:46:03.784
271434215,"2SE03069",1,"2024-04-22 00:00:00","2024-05-07 00:00:00",RGPZ-357ML-1C,RGP,22659,2024-04-25 13:46:03.784
271434029,"2SE02879",5,"2024-04-01 00:00:00","2024-05-07 00:00:00",RGPZ-357ML-1C,RGP,7341,2024-04-25 13:46:03.784
265275709,"2SE03651",8,"2024-04-24 00:00:00","2024-05-08 00:00:00",RGP-266L-0B,RGP,30000,2024-04-25 13:46:03.784
270050080,"2SE03764",1,"2024-04-26 00:00:00","2024-05-08 00:00:00",RGP-456L-0D,RGP,6292,2024-04-25 13:46:03.784
272490820,"2SE03762",2,"2024-04-26 00:00:00","2024-05-08 00:00:00",RGP-456L-0D,RGP,8805,2024-04-25 13:46:03.784
246139678,"2SE02939",6,"2024-03-31 00:00:00","2024-05-08 00:00:00",RGPZ-086MW-0E,RGP,10000,2024-04-25 13:46:03.784
246139683,"2SE02940",6,"2024-03-31 00:00:00","2024-05-08 00:00:00",RGPZ-127MW-0E,RGP,10000,2024-04-25 13:46:03.784
265035460,"2SE01907",6,"2024-02-28 00:00:00","2024-05-08 00:00:00",RGPZ-395ML-0D,RGP,55386,2024-04-25 13:46:03.784
265275710,"2SE03651",9,"2024-04-24 00:00:00","2024-05-09 00:00:00",RGP-266L-0B,RGP,30000,2024-04-25 13:46:03.784
272666653,"2SE03436",8,"2024-04-09 00:00:00","2024-05-09 00:00:00",RGPZ-394ML-0D,RGP,109000,2024-04-25 13:46:03.784
268883647,"2SE02710",3,"2024-03-22 00:00:00","2024-05-09 00:00:00",RGPZ-448ML-1D,RGP,16000,2024-04-25 13:46:03.784
238113311,"2SE02912",3,"2024-03-29 00:00:00","2024-05-10 00:00:00",RGP-096L-0D,RGP,108000,2024-04-25 13:46:03.784
255344243,"2SE02902",5,"2024-03-27 00:00:00","2024-05-10 00:00:00",RGP-096L-0D,RGP,162414,2024-04-25 13:46:03.784
229264788,"2SD01744",3,"2023-04-28 00:00:00","2024-05-10 00:00:00",RGP-142W-0B,RGP,13948,2024-04-25 13:46:03.784
265063758,"2SE02854",6,"2024-03-29 00:00:00","2024-05-10 00:00:00",RGP-145S-0B,RGP,115000,2024-04-25 13:46:03.784
271442894,"2SE02855",6,"2024-03-29 00:00:00","2024-05-10 00:00:00",RGP-184S-0D,RGP,14129,2024-04-25 13:46:03.784
265275711,"2SE03651",10,"2024-04-24 00:00:00","2024-05-10 00:00:00",RGP-266L-0B,RGP,30000,2024-04-25 13:46:03.784
269987970,"2SE02849",6,"2024-03-29 00:00:00","2024-05-10 00:00:00",RGPZ-030MW-2C,RGP,68400,2024-04-25 13:46:03.784
271230582,"2SE02867",10,"2024-03-31 00:00:00","2024-05-10 00:00:00",RGPZ-086MW-1E,RGP,81000,2024-04-25 13:46:03.784
271230592,"2SE02872",10,"2024-03-31 00:00:00","2024-05-10 00:00:00",RGPZ-127MW-1E,RGP,10000,2024-04-25 13:46:03.784
236806774,"2SE01548",13,"2024-02-20 00:00:00","2024-05-10 00:00:00",RGPZ-143MW-2E,RGP,12084,2024-04-25 13:46:03.784
246391313,"2SE03210",1,"2024-04-02 00:00:00","2024-05-10 00:00:00",RGPZ-146ML-0B,RGP,16619,2024-04-25 13:46:03.784
255353198,"2SE02956",6,"2024-03-28 00:00:00","2024-05-10 00:00:00",RGPZ-146ML-0B,RGP,26498,2024-04-25 13:46:03.784
255362109,"2SE02957",4,"2024-03-28 00:00:00","2024-05-10 00:00:00",RGPZ-147ML-0B,RGP,23058,2024-04-25 13:46:03.784
255362130,"2SE02968",7,"2024-03-28 00:00:00","2024-05-10 00:00:00",RGPZ-147ML-0B,RGP,21863,2024-04-25 13:46:03.784
246409765,"2SE03212",1,"2024-04-02 00:00:00","2024-05-10 00:00:00",RGPZ-299NL-0C,RGP,9695,2024-04-25 13:46:03.784
255362116,"2SE02960",6,"2024-03-28 00:00:00","2024-05-10 00:00:00",RGPZ-299NL-0C,RGP,20000,2024-04-25 13:46:03.784
255371059,"2SE02961",4,"2024-03-28 00:00:00","2024-05-10 00:00:00",RGPZ-300NL-0C,RGP,9032,2024-04-25 13:46:03.784
271317674,"2SE01688",6,"2024-02-23 00:00:00","2024-05-10 00:00:00",RGPZ-315ML-0D,RGP,151029,2024-04-25 13:46:03.784
255289753,"2SE01723",12,"2024-02-27 00:00:00","2024-05-10 00:00:00",RGPZ-315ML-1D,RGP,47541,2024-04-25 13:46:03.784
227877198,"2SE02691",1,"2024-03-25 00:00:00","2024-05-10 00:00:00",RGPZ-384MW-1D,RGP,16579,2024-04-25 13:46:03.784
271326456,"2SE01312",5,"2024-02-14 00:00:00","2024-05-10 00:00:00",RGPZ-384MW-1D,RGP,3421,2024-04-25 13:46:03.784
271273678,"2SE01907",7,"2024-02-28 00:00:00","2024-05-10 00:00:00",RGPZ-395ML-0D,RGP,187750,2024-04-25 13:46:03.784
254187846,"2SE02985",3,"2024-03-28 00:00:00","2024-05-13 00:00:00",RGP-145S-1B,RGP,50000,2024-04-25 13:46:03.784
265275712,"2SE03651",11,"2024-04-24 00:00:00","2024-05-13 00:00:00",RGP-266L-0B,RGP,30000,2024-04-25 13:46:03.784
268753272,"2SE03614",1,"2024-05-17 00:00:00","2024-05-13 00:00:00",RGP-507L-0A,RGP,1200,2024-04-25 13:46:03.784
272507602,"2SE02966",8,"2024-03-28 00:00:00","2024-05-13 00:00:00",RGPZ-146ML-0B,RGP,20000,2024-04-25 13:46:03.784
272516385,"2SE02968",8,"2024-03-28 00:00:00","2024-05-13 00:00:00",RGPZ-147ML-0B,RGP,16643,2024-04-25 13:46:03.784
272525184,"2SE02969",8,"2024-03-28 00:00:00","2024-05-13 00:00:00",RGPZ-299NL-0C,RGP,8672,2024-04-25 13:46:03.784
272533991,"2SE02970",7,"2024-03-28 00:00:00","2024-05-13 00:00:00",RGPZ-300NL-0C,RGP,6489,2024-04-25 13:46:03.784
272666654,"2SE03436",9,"2024-04-09 00:00:00","2024-05-13 00:00:00",RGPZ-394ML-0D,RGP,59000,2024-04-25 13:46:03.784
239732989,"2SE03039",1,"2024-05-10 00:00:00","2024-05-13 00:00:00",RGPZ-441ML-1D,RGP,8840,2024-04-25 13:46:03.784
247757498,"2SE03285",1,"2024-05-13 00:00:00","2024-05-13 00:00:00",RGPZ-443ML-0E,RGP,1564,2024-04-25 13:46:03.784
219946909,"2SE02479",1,"2024-05-13 00:00:00","2024-05-13 00:00:00",RGPZ-454ML-1D,RGP,24191,2024-04-25 13:46:03.784
265275713,"2SE03651",12,"2024-04-24 00:00:00","2024-05-14 00:00:00",RGP-266L-0B,RGP,30000,2024-04-25 13:46:03.784
272490822,"2SE03764",2,"2024-04-26 00:00:00","2024-05-14 00:00:00",RGP-456L-0D,RGP,8000,2024-04-25 13:46:03.784
271230593,"2SE02872",11,"2024-03-31 00:00:00","2024-05-14 00:00:00",RGPZ-127MW-1E,RGP,71000,2024-04-25 13:46:03.784
265275714,"2SE03651",13,"2024-04-24 00:00:00","2024-05-15 00:00:00",RGP-266L-0B,RGP,30000,2024-04-25 13:46:03.784
239465121,"2SE01897",12,"2024-03-01 00:00:00","2024-05-15 00:00:00",RGP-368L-0B,RGP,10585,2024-04-25 13:46:03.784
272490823,"2SE03764",3,"2024-04-26 00:00:00","2024-05-15 00:00:00",RGP-456L-0D,RGP,5085,2024-04-25 13:46:03.784
253954712,"2SE02939",7,"2024-03-31 00:00:00","2024-05-15 00:00:00",RGPZ-086MW-0E,RGP,15845,2024-04-25 13:46:03.784
253954717,"2SE02940",7,"2024-03-31 00:00:00","2024-05-15 00:00:00",RGPZ-127MW-0E,RGP,15845,2024-04-25 13:46:03.784
246252171,"2SE01548",14,"2024-02-20 00:00:00","2024-05-15 00:00:00",RGPZ-143MW-2E,RGP,6042,2024-04-25 13:46:03.784
265275715,"2SE03651",14,"2024-04-24 00:00:00","2024-05-16 00:00:00",RGP-266L-0B,RGP,20000,2024-04-25 13:46:03.784
239465122,"2SE01897",13,"2024-03-01 00:00:00","2024-05-16 00:00:00",RGP-368L-0B,RGP,30000,2024-04-25 13:46:03.784
272666655,"2SE03436",10,"2024-04-09 00:00:00","2024-05-16 00:00:00",RGPZ-394ML-0D,RGP,95000,2024-04-25 13:46:03.784
206908897,"2SE02015",1,"2024-05-16 00:00:00","2024-05-16 00:00:00",RGPZ-443ML-2D,RGP,1564,2024-04-25 13:46:03.784
238113312,"2SE02912",4,"2024-03-29 00:00:00","2024-05-17 00:00:00",RGP-096L-0D,RGP,108000,2024-04-25 13:46:03.784
256529732,"2SE02902",6,"2024-03-27 00:00:00","2024-05-17 00:00:00",RGP-096L-0D,RGP,41720,2024-04-25 13:46:03.784
271433976,"2SE02854",7,"2024-03-29 00:00:00","2024-05-17 00:00:00",RGP-145S-0B,RGP,50000,2024-04-25 13:46:03.784
265275716,"2SE03651",15,"2024-04-24 00:00:00","2024-05-17 00:00:00",RGP-266L-0B,RGP,19265,2024-04-25 13:46:03.784
239465123,"2SE01897",14,"2024-03-01 00:00:00","2024-05-17 00:00:00",RGP-368L-0B,RGP,30000,2024-04-25 13:46:03.784
269987971,"2SE02849",7,"2024-03-29 00:00:00","2024-05-17 00:00:00",RGPZ-030MW-2C,RGP,67800,2024-04-25 13:46:03.784
271361948,"2SE01548",15,"2024-02-20 00:00:00","2024-05-17 00:00:00",RGPZ-143MW-2E,RGP,30210,2024-04-25 13:46:03.784
255353447,"2SE03210",2,"2024-04-02 00:00:00","2024-05-17 00:00:00",RGPZ-146ML-0B,RGP,3516,2024-04-25 13:46:03.784
272490059,"2SE02956",7,"2024-03-28 00:00:00","2024-05-17 00:00:00",RGPZ-146ML-0B,RGP,5860,2024-04-25 13:46:03.784
246391309,"2SE03209",1,"2024-04-02 00:00:00","2024-05-17 00:00:00",RGPZ-147ML-0B,RGP,2246,2024-04-25 13:46:03.784
255362110,"2SE02957",5,"2024-03-28 00:00:00","2024-05-17 00:00:00",RGPZ-147ML-0B,RGP,3886,2024-04-25 13:46:03.784
272525158,"2SE02960",7,"2024-03-28 00:00:00","2024-05-17 00:00:00",RGPZ-299NL-0C,RGP,8005,2024-04-25 13:46:03.784
246414383,"2SE03211",1,"2024-04-02 00:00:00","2024-05-17 00:00:00",RGPZ-300NL-0C,RGP,2246,2024-04-25 13:46:03.784
255371060,"2SE02961",5,"2024-03-28 00:00:00","2024-05-17 00:00:00",RGPZ-300NL-0C,RGP,3744,2024-04-25 13:46:03.784
271317675,"2SE01688",7,"2024-02-23 00:00:00","2024-05-17 00:00:00",RGPZ-315ML-0D,RGP,91029,2024-04-25 13:46:03.784
271317687,"2SE01723",13,"2024-02-27 00:00:00","2024-05-17 00:00:00",RGPZ-315ML-1D,RGP,93334,2024-04-25 13:46:03.784
265046181,"2SE03583",1,"2024-04-17 00:00:00","2024-05-17 00:00:00",RGPZ-395ML-0D,RGP,322435,2024-04-25 13:46:03.784
271424328,"2SE01907",8,"2024-02-28 00:00:00","2024-05-17 00:00:00",RGPZ-395ML-0D,RGP,229565,2024-04-25 13:46:03.784
239632436,"2SE03018",1,"2024-05-17 00:00:00","2024-05-17 00:00:00",RGPZ-454ML-1D,RGP,11614,2024-04-25 13:46:03.784
239465124,"2SE01897",15,"2024-03-01 00:00:00","2024-05-20 00:00:00",RGP-368L-0B,RGP,30000,2024-04-25 13:46:03.784
268753271,"2SE03613",1,"2024-05-17 00:00:00","2024-05-20 00:00:00",RGP-507L-0A,RGP,500,2024-04-25 13:46:03.784
272507603,"2SE02966",9,"2024-03-28 00:00:00","2024-05-20 00:00:00",RGPZ-146ML-0B,RGP,20000,2024-04-25 13:46:03.784
272516386,"2SE02968",9,"2024-03-28 00:00:00","2024-05-20 00:00:00",RGPZ-147ML-0B,RGP,5492,2024-04-25 13:46:03.784
272533986,"2SE02969",9,"2024-03-28 00:00:00","2024-05-20 00:00:00",RGPZ-299NL-0C,RGP,8672,2024-04-25 13:46:03.784
272542805,"2SE02970",8,"2024-03-28 00:00:00","2024-05-20 00:00:00",RGPZ-300NL-0C,RGP,6082,2024-04-25 13:46:03.784
272666656,"2SE03436",11,"2024-04-09 00:00:00","2024-05-20 00:00:00",RGPZ-394ML-0D,RGP,145503,2024-04-25 13:46:03.784
239465125,"2SE01897",16,"2024-03-01 00:00:00","2024-05-21 00:00:00",RGP-368L-0B,RGP,30000,2024-04-25 13:46:03.784
269054508,"2SE03613",2,"2024-05-17 00:00:00","2024-05-21 00:00:00",RGP-507L-0A,RGP,2000,2024-04-25 13:46:03.784
239465126,"2SE01897",17,"2024-03-01 00:00:00","2024-05-22 00:00:00",RGP-368L-0B,RGP,30000,2024-04-25 13:46:03.784
269054509,"2SE03613",3,"2024-05-17 00:00:00","2024-05-22 00:00:00",RGP-507L-0A,RGP,2000,2024-04-25 13:46:03.784
271361949,"2SE01548",16,"2024-02-20 00:00:00","2024-05-22 00:00:00",RGPZ-143MW-2E,RGP,6042,2024-04-25 13:46:03.784
239465127,"2SE01897",18,"2024-03-01 00:00:00","2024-05-23 00:00:00",RGP-368L-0B,RGP,30000,2024-04-25 13:46:03.784
269054510,"2SE03613",4,"2024-05-17 00:00:00","2024-05-23 00:00:00",RGP-507L-0A,RGP,2000,2024-04-25 13:46:03.784
272666657,"2SE03436",12,"2024-04-09 00:00:00","2024-05-23 00:00:00",RGPZ-394ML-0D,RGP,100000,2024-04-25 13:46:03.784
238113313,"2SE02912",5,"2024-03-29 00:00:00","2024-05-24 00:00:00",RGP-096L-0D,RGP,108000,2024-04-25 13:46:03.784
271540354,"2SE02902",7,"2024-03-27 00:00:00","2024-05-24 00:00:00",RGP-096L-0D,RGP,120760,2024-04-25 13:46:03.784
271433977,"2SE02854",8,"2024-03-29 00:00:00","2024-05-24 00:00:00",RGP-145S-0B,RGP,44879,2024-04-25 13:46:03.784
271443061,"2SE02985",4,"2024-03-28 00:00:00","2024-05-24 00:00:00",RGP-145S-1B,RGP,16599,2024-04-25 13:46:03.784
271574575,"2SE01897",19,"2024-03-01 00:00:00","2024-05-24 00:00:00",RGP-368L-0B,RGP,26697,2024-04-25 13:46:03.784
269054511,"2SE03613",5,"2024-05-17 00:00:00","2024-05-24 00:00:00",RGP-507L-0A,RGP,2000,2024-04-25 13:46:03.784
269987972,"2SE02849",8,"2024-03-29 00:00:00","2024-05-24 00:00:00",RGPZ-030MW-2C,RGP,67800,2024-04-25 13:46:03.784
271361950,"2SE01548",17,"2024-02-20 00:00:00","2024-05-24 00:00:00",RGPZ-143MW-2E,RGP,19580,2024-04-25 13:46:03.784
255353448,"2SE03210",3,"2024-04-02 00:00:00","2024-05-24 00:00:00",RGPZ-146ML-0B,RGP,3663,2024-04-25 13:46:03.784
272490060,"2SE02956",8,"2024-03-28 00:00:00","2024-05-24 00:00:00",RGPZ-146ML-0B,RGP,6105,2024-04-25 13:46:03.784
255362364,"2SE03209",2,"2024-04-02 00:00:00","2024-05-24 00:00:00",RGPZ-147ML-0B,RGP,2105,2024-04-25 13:46:03.784
272516363,"2SE02957",6,"2024-03-28 00:00:00","2024-05-24 00:00:00",RGPZ-147ML-0B,RGP,3509,2024-04-25 13:46:03.784
272525159,"2SE02960",8,"2024-03-28 00:00:00","2024-05-24 00:00:00",RGPZ-299NL-0C,RGP,15000,2024-04-25 13:46:03.784
255371316,"2SE03211",2,"2024-04-02 00:00:00","2024-05-24 00:00:00",RGPZ-300NL-0C,RGP,2105,2024-04-25 13:46:03.784
272533962,"2SE02961",6,"2024-03-28 00:00:00","2024-05-24 00:00:00",RGPZ-300NL-0C,RGP,3509,2024-04-25 13:46:03.784
272490645,"2SE03583",2,"2024-04-17 00:00:00","2024-05-24 00:00:00",RGPZ-395ML-0D,RGP,177565,2024-04-25 13:46:03.784
237019547,"2SE02889",1,"2024-03-29 00:00:00","2024-05-24 00:00:00",RGPZ-409ML-0E,RGP,113814,2024-04-25 13:46:03.784
269054512,"2SE03613",6,"2024-05-17 00:00:00","2024-05-25 00:00:00",RGP-507L-0A,RGP,1500,2024-04-25 13:46:03.784
264999867,"2SE02939",8,"2024-03-31 00:00:00","2024-05-27 00:00:00",RGPZ-086MW-0E,RGP,321155,2024-04-25 13:46:03.784
265008997,"2SE02940",8,"2024-03-31 00:00:00","2024-05-27 00:00:00",RGPZ-127MW-0E,RGP,321155,2024-04-25 13:46:03.784
272507604,"2SE02966",10,"2024-03-28 00:00:00","2024-05-27 00:00:00",RGPZ-146ML-0B,RGP,13446,2024-04-25 13:46:03.784
272516387,"2SE02968",10,"2024-03-28 00:00:00","2024-05-27 00:00:00",RGPZ-147ML-0B,RGP,7299,2024-04-25 13:46:03.784
272533987,"2SE02969",10,"2024-03-28 00:00:00","2024-05-27 00:00:00",RGPZ-299NL-0C,RGP,30000,2024-04-25 13:46:03.784
272542806,"2SE02970",9,"2024-03-28 00:00:00","2024-05-27 00:00:00",RGPZ-300NL-0C,RGP,7299,2024-04-25 13:46:03.784
272666658,"2SE03436",13,"2024-04-09 00:00:00","2024-05-27 00:00:00",RGPZ-394ML-0D,RGP,159000,2024-04-25 13:46:03.784
243866858,"2SE03097",1,"2024-04-01 00:00:00","2024-05-27 00:00:00",RGPZ-445ML-0D,RGP,6307,2024-04-25 13:46:03.784
244843694,"2SE03037",1,"2024-04-26 00:00:00","2024-05-27 00:00:00",RGPZ-448ML-2D,RGP,236,2024-04-25 13:46:03.784
243866859,"2SE03098",1,"2024-04-01 00:00:00","2024-05-27 00:00:00",RGPZ-454ML-0D,RGP,6307,2024-04-25 13:46:03.784
247445927,"2SE03274",1,"2024-05-14 00:00:00","2024-05-28 00:00:00",RGPZ-448ML-1D,RGP,7171,2024-04-25 13:46:03.784
246253605,"2SE03038",1,"2024-04-26 00:00:00","2024-05-28 00:00:00",RGPZ-448ML-3D,RGP,236,2024-04-25 13:46:03.784
272666659,"2SE03436",14,"2024-04-09 00:00:00","2024-05-30 00:00:00",RGPZ-394ML-0D,RGP,100000,2024-04-25 13:46:03.784
239632435,"2SE03017",1,"2024-04-08 00:00:00","2024-05-30 00:00:00",RGPZ-445ML-1D,RGP,11614,2024-04-25 13:46:03.784
239732990,"2SE03040",1,"2024-05-31 00:00:00","2024-05-30 00:00:00",RGPZ-448ML-1D,RGP,4420,2024-04-25 13:46:03.784
270234469,"2SE03851",1,"2024-05-30 00:00:00","2024-05-30 00:00:00",RGPZ-503MW-0A,RGP,32,2024-04-25 13:46:03.784
271540361,"2SE02912",6,"2024-03-29 00:00:00","2024-05-31 00:00:00",RGP-096L-0D,RGP,78004,2024-04-25 13:46:03.784
271540355,"2SE02902",8,"2024-03-27 00:00:00","2024-05-31 00:00:00",RGP-096L-0D,RGP,142040,2024-04-25 13:46:03.784
271442891,"2SE02854",9,"2024-03-29 00:00:00","2024-05-31 00:00:00",RGP-145S-0B,RGP,10361,2024-04-25 13:46:03.784
271443062,"2SE02985",5,"2024-03-28 00:00:00","2024-05-31 00:00:00",RGP-145S-1B,RGP,29422,2024-04-25 13:46:03.784
271433965,"2SE02849",9,"2024-03-29 00:00:00","2024-05-31 00:00:00",RGPZ-030MW-2C,RGP,67800,2024-04-25 13:46:03.784
272490296,"2SE03210",4,"2024-04-02 00:00:00","2024-05-31 00:00:00",RGPZ-146ML-0B,RGP,4655,2024-04-25 13:46:03.784
272490061,"2SE02956",9,"2024-03-28 00:00:00","2024-05-31 00:00:00",RGPZ-146ML-0B,RGP,7758,2024-04-25 13:46:03.784
255362365,"2SE03209",3,"2024-04-02 00:00:00","2024-05-31 00:00:00",RGPZ-147ML-0B,RGP,2527,2024-04-25 13:46:03.784
272516364,"2SE02957",7,"2024-03-28 00:00:00","2024-05-31 00:00:00",RGPZ-147ML-0B,RGP,4211,2024-04-25 13:46:03.784
255362371,"2SE03212",2,"2024-04-02 00:00:00","2024-05-31 00:00:00",RGPZ-299NL-0C,RGP,20000,2024-04-25 13:46:03.784
272525160,"2SE02960",9,"2024-03-28 00:00:00","2024-05-31 00:00:00",RGPZ-299NL-0C,RGP,36208,2024-04-25 13:46:03.784
255371317,"2SE03211",3,"2024-04-02 00:00:00","2024-05-31 00:00:00",RGPZ-300NL-0C,RGP,2527,2024-04-25 13:46:03.784
272533963,"2SE02961",7,"2024-03-28 00:00:00","2024-05-31 00:00:00",RGPZ-300NL-0C,RGP,4211,2024-04-25 13:46:03.784
237019548,"2SE02889",2,"2024-03-29 00:00:00","2024-05-31 00:00:00",RGPZ-409ML-0E,RGP,265784,2024-04-25 13:46:03.784
272507605,"2SE02966",11,"2024-03-28 00:00:00","2024-06-03 00:00:00",RGPZ-146ML-0B,RGP,2308354,2024-04-25 13:46:03.784
272516388,"2SE02968",11,"2024-03-28 00:00:00","2024-06-03 00:00:00",RGPZ-147ML-0B,RGP,2364703,2024-04-25 13:46:03.784
272533988,"2SE02969",11,"2024-03-28 00:00:00","2024-06-03 00:00:00",RGPZ-299NL-0C,RGP,2320068,2024-04-25 13:46:03.784
272542807,"2SE02970",10,"2024-03-28 00:00:00","2024-06-03 00:00:00",RGPZ-300NL-0C,RGP,2403849,2024-04-25 13:46:03.784
272666660,"2SE03436",15,"2024-04-09 00:00:00","2024-06-03 00:00:00",RGPZ-394ML-0D,RGP,2573109,2024-04-25 13:46:03.784
271540356,"2SE02902",9,"2024-03-27 00:00:00","2024-06-07 00:00:00",RGP-096L-0D,RGP,523066,2024-04-25 13:46:03.784
271443063,"2SE02985",6,"2024-03-28 00:00:00","2024-06-07 00:00:00",RGP-145S-1B,RGP,840139,2024-04-25 13:46:03.784
272490297,"2SE03210",5,"2024-04-02 00:00:00","2024-06-07 00:00:00",RGPZ-146ML-0B,RGP,271547,2024-04-25 13:46:03.784
272490062,"2SE02956",10,"2024-03-28 00:00:00","2024-06-07 00:00:00",RGPZ-146ML-0B,RGP,1906739,2024-04-25 13:46:03.784
272516602,"2SE03209",4,"2024-04-02 00:00:00","2024-06-07 00:00:00",RGPZ-147ML-0B,RGP,243122,2024-04-25 13:46:03.784
272516365,"2SE02957",8,"2024-03-28 00:00:00","2024-06-07 00:00:00",RGPZ-147ML-0B,RGP,1941816,2024-04-25 13:46:03.784
255362372,"2SE03212",3,"2024-04-02 00:00:00","2024-06-07 00:00:00",RGPZ-299NL-0C,RGP,220305,2024-04-25 13:46:03.784
272525161,"2SE02960",10,"2024-03-28 00:00:00","2024-06-07 00:00:00",RGPZ-299NL-0C,RGP,1873747,2024-04-25 13:46:03.784
272534209,"2SE03211",4,"2024-04-02 00:00:00","2024-06-07 00:00:00",RGPZ-300NL-0C,RGP,243122,2024-04-25 13:46:03.784
272533964,"2SE02961",8,"2024-03-28 00:00:00","2024-06-07 00:00:00",RGPZ-300NL-0C,RGP,1955984,2024-04-25 13:46:03.784
237019549,"2SE02889",3,"2024-03-29 00:00:00","2024-06-07 00:00:00",RGPZ-409ML-0E,RGP,2120402,2024-04-25 13:46:03.784
271361951,"2SE01548",18,"2024-02-20 00:00:00","2024-06-08 00:00:00",RGPZ-143MW-2E,RGP,30688,2024-04-25 13:46:03.784
250051266,"2SE02866",1,"2024-03-29 00:00:00","2024-07-03 00:00:00",RGPZ-159MW-8C,RGP,17425,2024-04-25 13:46:03.784
250051437,"2SE02984",1,"2024-03-29 00:00:00","2024-07-05 00:00:00",RGPZ-159MW-8C,RGP,14257,2024-04-25 13:46:03.784
254304447,"2SE02866",2,"2024-03-29 00:00:00","2024-07-10 00:00:00",RGPZ-159MW-8C,RGP,18363,2024-04-25 13:46:03.784
250051438,"2SE02984",2,"2024-03-29 00:00:00","2024-07-12 00:00:00",RGPZ-159MW-8C,RGP,15024,2024-04-25 13:46:03.784
271230575,"2SE02866",3,"2024-03-29 00:00:00","2024-07-16 00:00:00",RGPZ-159MW-8C,RGP,28239,2024-04-25 13:46:03.784
254304627,"2SE02984",3,"2024-03-29 00:00:00","2024-07-19 00:00:00",RGPZ-159MW-8C,RGP,8559,2024-04-25 13:46:03.784
254304448,"2SE02866",4,"2024-03-29 00:00:00","2024-07-24 00:00:00",RGPZ-159MW-8C,RGP,35973,2024-04-25 13:46:03.784
254304628,"2SE02984",4,"2024-03-29 00:00:00","2024-07-26 00:00:00",RGPZ-159MW-8C,RGP,62160,2024-04-25 13:46:03.784
2074,"2S918334",1,"2019-11-22 00:00:00","2030-02-01 00:00:00",RGPZ-085MW-1A,RGP,130,2024-04-25 13:46:03.784
269988170,"2SE03005",3,"2024-03-28 00:00:00","2077-07-07 00:00:00",RGPZ-001ML-0C,RGP,19140,2024-04-25 13:46:03.784
269988168,"2SE03004",3,"2024-03-28 00:00:00","2077-07-07 00:00:00",RGPZ-001ML-1C,RGP,17980,2024-04-25 13:46:03.784
2190,"2SC90971",1,"2021-06-25 00:00:00","2077-07-07 00:00:00",RGPZ-001ML-2C,RGP,9920,2024-04-25 13:46:03.784
2076,"2SB07391",1,"2021-06-24 00:00:00","2077-07-07 00:00:00",RGPZ-001ML-3C,RGP,50000,2024-04-25 13:46:03.784
239641995,"2SE03003",2,"2024-03-28 00:00:00","2077-07-07 00:00:00",RGPZ-002MW-0C,RGP,30160,2024-04-25 13:46:03.784
2250,"2SD01583",3,"2023-04-05 00:00:00","2077-07-07 00:00:00",RGPZ-002MW-0C,RGP,140,2024-04-25 13:46:03.784
116524845,"2SD07053",7,"2023-09-27 00:00:00","2077-07-07 00:00:00",RGPZ-002MW-0C,RGP,6960,2024-04-25 13:46:03.784
254026252,"2SE03002",3,"2024-03-28 00:00:00","2077-07-07 00:00:00",RGPZ-002MW-1C,RGP,23780,2024-04-25 13:46:03.784
191489294,"2SE01620",1,"2024-02-21 00:00:00","2077-07-07 00:00:00",RGPZ-031MW-0C,RGP,8124,2024-04-25 13:46:03.784
227877194,"2SE02687",1,"2024-03-20 00:00:00","2077-07-07 00:00:00",RGPZ-031MW-0C,RGP,16033,2024-04-25 13:46:03.784
271450509,"2SD08241",2,"2023-12-11 00:00:00","2077-07-07 00:00:00",RGPZ-031MW-0C,RGP,13439,2024-04-25 13:46:03.784
2380,"2SD03491",3,"2023-06-08 00:00:00","2077-07-07 00:00:00",RGPZ-054ML-14B,RGP,16,2024-04-25 13:46:03.784
263915058,"2SE02850",5,"2024-03-29 00:00:00","2077-07-07 00:00:00",RGPZ-054ML-14B,RGP,94194,2024-04-25 13:46:03.784
98593371,"2SD93135",3,"2023-12-08 00:00:00","2077-07-07 00:00:00",RGPZ-054ML-15B,RGP,32,2024-04-25 13:46:03.784
2379,"2SD03490",4,"2023-06-08 00:00:00","2077-07-07 00:00:00",RGPZ-054ML-15B,RGP,16,2024-04-25 13:46:03.784
265159974,"2SE02851",4,"2024-03-29 00:00:00","2077-07-07 00:00:00",RGPZ-054ML-15B,RGP,290304,2024-04-25 13:46:03.784
2251,"2SD01586",9,"2023-04-04 00:00:00","2077-07-07 00:00:00",RGPZ-054ML-15B,RGP,12,2024-04-25 13:46:03.784
255434218,"2SE03416",1,"2024-04-10 00:00:00","2077-07-07 00:00:00",RGPZ-067MW-0F,RGP,135295,2024-04-25 13:46:03.784
263703251,"2SE03582",1,"2024-04-17 00:00:00","2077-07-07 00:00:00",RGPZ-067MW-0F,RGP,124835,2024-04-25 13:46:03.784
271345526,"2SE03270",2,"2024-04-03 00:00:00","2077-07-07 00:00:00",RGPZ-067MW-0F,RGP,14979,2024-04-25 13:46:03.784
2191,"2SC90990",1,"2021-03-25 00:00:00","2077-07-07 00:00:00",RGPZ-068MW-1E,RGP,268500,2024-04-25 13:46:03.784
2284,"2SD02246",1,"2023-04-26 00:00:00","2077-07-07 00:00:00",RGPZ-068MW-1E,RGP,268500,2024-04-25 13:46:03.784
2090,"2SC03075",1,"2022-04-07 00:00:00","2077-07-07 00:00:00",RGPZ-069MW-0F,RGP,3085943,2024-04-25 13:46:03.784
92488461,"2SD09165",1,"2024-01-06 00:00:00","2077-07-07 00:00:00",RGPZ-098ML-1B,RGP,3007,2024-04-25 13:46:03.784
110132646,"2SD09759",1,"2024-01-15 00:00:00","2077-07-07 00:00:00",RGPZ-098ML-1B,RGP,3994,2024-04-25 13:46:03.784
110104157,"2SD08402",2,"2023-12-16 00:00:00","2077-07-07 00:00:00",RGPZ-098ML-1B,RGP,1793,2024-04-25 13:46:03.784
264981893,"2SE03221",2,"2024-04-02 00:00:00","2077-07-07 00:00:00",RGPZ-120ML-0D,RGP,23064,2024-04-25 13:46:03.784
352652,"2SD04225",3,"2023-07-03 00:00:00","2077-07-07 00:00:00",RGPZ-120ML-0D,RGP,25296,2024-04-25 13:46:03.784
2238,"2SD01461",6,"2023-04-12 00:00:00","2077-07-07 00:00:00",RGPZ-120ML-0D,RGP,40920,2024-04-25 13:46:03.784
8619412,"2SD07137",1,"2023-09-28 00:00:00","2077-07-07 00:00:00",RGPZ-120ML-4D,RGP,50000,2024-04-25 13:46:03.784
246139984,"2SE03243",1,"2024-04-02 00:00:00","2077-07-07 00:00:00",RGPZ-120ML-4D,RGP,26000,2024-04-25 13:46:03.784
111435092,"2SD07249",5,"2023-12-18 00:00:00","2077-07-07 00:00:00",RGPZ-120ML-4D,RGP,318328,2024-04-25 13:46:03.784
352463,"2SD03976",10,"2023-06-23 00:00:00","2077-07-07 00:00:00",RGPZ-120ML-4D,RGP,155240,2024-04-25 13:46:03.784
362137,"2SD04206",12,"2023-07-03 00:00:00","2077-07-07 00:00:00",RGPZ-120ML-4D,RGP,351512,2024-04-25 13:46:03.784
2241,"2SD01478",15,"2023-04-12 00:00:00","2077-07-07 00:00:00",RGPZ-120ML-4D,RGP,35380,2024-04-25 13:46:03.784
238458095,"2SE02986",1,"2024-03-28 00:00:00","2077-07-07 00:00:00",RGPZ-126ML-0D,RGP,27216,2024-04-25 13:46:03.784
248745063,"2SE02986",2,"2024-03-28 00:00:00","2077-07-07 00:00:00",RGPZ-126ML-0D,RGP,472784,2024-04-25 13:46:03.784
2259,"2SD01747",3,"2023-04-11 00:00:00","2077-07-07 00:00:00",RGPZ-126ML-0D,RGP,958528,2024-04-25 13:46:03.784
363359,"2SD05956",3,"2023-08-29 00:00:00","2077-07-07 00:00:00",RGPZ-126ML-0D,RGP,55228,2024-04-25 13:46:03.784
110103363,"2SD06976",4,"2023-12-15 00:00:00","2077-07-07 00:00:00",RGPZ-126ML-0D,RGP,882064,2024-04-25 13:46:03.784
271442882,"2SE02852",5,"2024-03-29 00:00:00","2077-07-07 00:00:00",RGPZ-126ML-0D,RGP,53680,2024-04-25 13:46:03.784
55323582,"2SD92894",1,"2023-11-03 00:00:00","2077-07-07 00:00:00",RGPZ-158MW-0D,RGP,25830,2024-04-25 13:46:03.784
4587,"2SD91576",5,"2023-03-31 00:00:00","2077-07-07 00:00:00",RGPZ-158MW-0D,RGP,21650,2024-04-25 13:46:03.784
117658227,"2SD07033",15,"2023-12-01 00:00:00","2077-07-07 00:00:00",RGPZ-158MW-0D,RGP,61170,2024-04-25 13:46:03.784
352503,"2SD04109",25,"2023-07-02 00:00:00","2077-07-07 00:00:00",RGPZ-158MW-0D,RGP,172020,2024-04-25 13:46:03.784
2535,"2SD04137",2,"2023-06-29 00:00:00","2077-07-07 00:00:00",RGPZ-159MW-9C,RGP,846784,2024-04-25 13:46:03.784
246139580,"2SE02863",2,"2024-03-29 00:00:00","2077-07-07 00:00:00",RGPZ-159MW-9C,RGP,275808,2024-04-25 13:46:03.784
270172244,"2SE02988",2,"2024-03-29 00:00:00","2077-07-07 00:00:00",RGPZ-159MW-9C,RGP,283872,2024-04-25 13:46:03.784
4609,"2SD91980",3,"2023-06-29 00:00:00","2077-07-07 00:00:00",RGPZ-159MW-9C,RGP,881472,2024-04-25 13:46:03.784
4612,"2SD92017",4,"2023-06-27 00:00:00","2077-07-07 00:00:00",RGPZ-159MW-9C,RGP,238964,2024-04-25 13:46:03.784
115029140,"2SD06978",8,"2023-09-30 00:00:00","2077-07-07 00:00:00",RGPZ-159MW-9C,RGP,220208,2024-04-25 13:46:03.784
98626419,"2SD06919",10,"2023-09-30 00:00:00","2077-07-07 00:00:00",RGPZ-159MW-9C,RGP,111453,2024-04-25 13:46:03.784
246139576,"2SE02860",2,"2024-03-29 00:00:00","2077-07-07 00:00:00",RGPZ-160MW-9C,RGP,279840,2024-04-25 13:46:03.784
270172246,"2SE02989",2,"2024-03-29 00:00:00","2077-07-07 00:00:00",RGPZ-160MW-9C,RGP,279840,2024-04-25 13:46:03.784
2534,"2SD04135",3,"2023-06-29 00:00:00","2077-07-07 00:00:00",RGPZ-160MW-9C,RGP,549584,2024-04-25 13:46:03.784
4608,"2SD91977",3,"2023-06-29 00:00:00","2077-07-07 00:00:00",RGPZ-160MW-9C,RGP,631040,2024-04-25 13:46:03.784
4607,"2SD91976",4,"2023-07-27 00:00:00","2077-07-07 00:00:00",RGPZ-160MW-9C,RGP,146156,2024-04-25 13:46:03.784
12547,"2SD05195",5,"2023-08-02 00:00:00","2077-07-07 00:00:00",RGPZ-160MW-9C,RGP,93740,2024-04-25 13:46:03.784
2231,"2SD01259",7,"2023-03-27 00:00:00","2077-07-07 00:00:00",RGPZ-160MW-9C,RGP,36308,2024-04-25 13:46:03.784
106313987,"2SD06979",10,"2023-09-30 00:00:00","2077-07-07 00:00:00",RGPZ-160MW-9C,RGP,281472,2024-04-25 13:46:03.784
117909891,"2SD06920",13,"2023-09-30 00:00:00","2077-07-07 00:00:00",RGPZ-160MW-9C,RGP,23364,2024-04-25 13:46:03.784
109869831,"2SD07025",13,"2023-10-02 00:00:00","2077-07-07 00:00:00",RGPZ-162MW-0D,RGP,568790,2024-04-25 13:46:03.784
362046,"2SD04113",20,"2023-07-02 00:00:00","2077-07-07 00:00:00",RGPZ-162MW-0D,RGP,97070,2024-04-25 13:46:03.784
268752632,"2SE02938",3,"2024-03-31 00:00:00","2077-07-07 00:00:00",RGPZ-212MW-0E,RGP,19080,2024-04-25 13:46:03.784
264981541,"2SE02868",6,"2024-03-31 00:00:00","2077-07-07 00:00:00",RGPZ-212MW-0E,RGP,59680,2024-04-25 13:46:03.784
362040,"2SD04110",8,"2023-07-02 00:00:00","2077-07-07 00:00:00",RGPZ-212MW-0E,RGP,26080,2024-04-25 13:46:03.784
171247012,"2SE01299",1,"2024-02-06 00:00:00","2077-07-07 00:00:00",RGPZ-227ML-1E,RGP,80001,2024-04-25 13:46:03.784
209649856,"2SE01062",5,"2024-02-01 00:00:00","2077-07-07 00:00:00",RGPZ-227ML-1E,RGP,118127,2024-04-25 13:46:03.784
2248,"2SD01575",9,"2023-04-04 00:00:00","2077-07-07 00:00:00",RGPZ-235MW-0C,RGP,244000,2024-04-25 13:46:03.784
2245,"2SD01531",1,"2023-04-03 00:00:00","2077-07-07 00:00:00",RGPZ-236MW-0C,RGP,32256,2024-04-25 13:46:03.784
2246,"2SD01531",2,"2023-04-03 00:00:00","2077-07-07 00:00:00",RGPZ-236MW-0C,RGP,167744,2024-04-25 13:46:03.784
164581839,"2SE01063",1,"2024-02-01 00:00:00","2077-07-07 00:00:00",RGPZ-291ML-1D,RGP,1073933,2024-04-25 13:46:03.784
171256554,"2SE01303",1,"2024-02-06 00:00:00","2077-07-07 00:00:00",RGPZ-291ML-1D,RGP,225805,2024-04-25 13:46:03.784
270206086,"2SE00690",3,"2024-01-23 00:00:00","2077-07-07 00:00:00",RGPZ-291ML-1D,RGP,166086,2024-04-25 13:46:03.784
2873,"2SD04746",6,"2023-08-14 00:00:00","2077-07-07 00:00:00",RGPZ-291ML-1D,RGP,50165,2024-04-25 13:46:03.784
362170,"2SD04276",7,"2023-07-04 00:00:00","2077-07-07 00:00:00",RGPZ-303ML-0F,RGP,216800,2024-04-25 13:46:03.784
271345093,"2SE02853",8,"2024-03-29 00:00:00","2077-07-07 00:00:00",RGPZ-303ML-0F,RGP,479200,2024-04-25 13:46:03.784
110094326,"2SD06955",10,"2023-12-15 00:00:00","2077-07-07 00:00:00",RGPZ-303ML-0F,RGP,566800,2024-04-25 13:46:03.784
271346135,"2SE90668",10,"2024-03-27 00:00:00","2077-07-07 00:00:00",RGPZ-303ML-0F,RGP,2536800,2024-04-25 13:46:03.784
2234,"2SD01440",1,"2023-03-30 00:00:00","2077-07-07 00:00:00",RGPZ-305ML-0C,RGP,700000,2024-04-25 13:46:03.784
271319480,"2SE03849",2,"2024-04-23 00:00:00","2077-07-07 00:00:00",RGPZ-314ML-0C,RGP,19380,2024-04-25 13:46:03.784
137723696,"2SD93011",3,"2023-06-01 00:00:00","2077-07-07 00:00:00",RGPZ-320ML-0D,RGP,2500,2024-04-25 13:46:03.784
247443631,"2SD93011",4,"2023-06-01 00:00:00","2077-07-07 00:00:00",RGPZ-320ML-0D,RGP,621620,2024-04-25 13:46:03.784
2744,"2SD04425",1,"2023-07-10 00:00:00","2077-07-07 00:00:00",RGPZ-345MW-0D,RGP,280,2024-04-25 13:46:03.784
4381,"2SD06261",1,"2023-09-04 00:00:00","2077-07-07 00:00:00",RGPZ-345MW-0D,RGP,3800,2024-04-25 13:46:03.784
106079040,"2SD09502",2,"2023-12-18 00:00:00","2077-07-07 00:00:00",RGPZ-345MW-0D,RGP,20560,2024-04-25 13:46:03.784
364394,"2SD92489",2,"2023-07-27 00:00:00","2077-07-07 00:00:00",RGPZ-345MW-0D,RGP,451200,2024-04-25 13:46:03.784
272489962,"2SE02873",9,"2024-03-31 00:00:00","2077-07-07 00:00:00",RGPZ-345MW-0D,RGP,1862560,2024-04-25 13:46:03.784
272490040,"2SE02941",9,"2024-03-31 00:00:00","2077-07-07 00:00:00",RGPZ-345MW-0D,RGP,2388960,2024-04-25 13:46:03.784
2239,"2SD01475",16,"2023-03-31 00:00:00","2077-07-07 00:00:00",RGPZ-345MW-0D,RGP,296480,2024-04-25 13:46:03.784
75078231,"2SD07040",17,"2023-10-02 00:00:00","2077-07-07 00:00:00",RGPZ-345MW-0D,RGP,148000,2024-04-25 13:46:03.784
11934,"2SD04112",27,"2023-07-02 00:00:00","2077-07-07 00:00:00",RGPZ-345MW-0D,RGP,129280,2024-04-25 13:46:03.784
2745,"2SD04426",1,"2023-07-10 00:00:00","2077-07-07 00:00:00",RGPZ-346MW-0D,RGP,280,2024-04-25 13:46:03.784
4382,"2SD06262",1,"2023-09-04 00:00:00","2077-07-07 00:00:00",RGPZ-346MW-0D,RGP,3800,2024-04-25 13:46:03.784
106079042,"2SD09503",2,"2023-12-25 00:00:00","2077-07-07 00:00:00",RGPZ-346MW-0D,RGP,18000,2024-04-25 13:46:03.784
364396,"2SD92490",2,"2023-07-27 00:00:00","2077-07-07 00:00:00",RGPZ-346MW-0D,RGP,854400,2024-04-25 13:46:03.784
2237,"2SD01457",5,"2023-03-30 00:00:00","2077-07-07 00:00:00",RGPZ-346MW-0D,RGP,144000,2024-04-25 13:46:03.784
272489964,"2SE02874",9,"2024-03-31 00:00:00","2077-07-07 00:00:00",RGPZ-346MW-0D,RGP,1861600,2024-04-25 13:46:03.784
272490042,"2SE02942",9,"2024-03-31 00:00:00","2077-07-07 00:00:00",RGPZ-346MW-0D,RGP,2384800,2024-04-25 13:46:03.784
2240,"2SD01476",16,"2023-03-31 00:00:00","2077-07-07 00:00:00",RGPZ-346MW-0D,RGP,295200,2024-04-25 13:46:03.784
362102,"2SD04169",27,"2023-07-02 00:00:00","2077-07-07 00:00:00",RGPZ-346MW-0D,RGP,126400,2024-04-25 13:46:03.784
2227,"2SD01182",1,"2023-04-27 00:00:00","2077-07-07 00:00:00",RGPZ-378MW-0E,RGP,10,2024-04-25 13:46:03.784
2228,"2SD01185",1,"2023-04-27 00:00:00","2077-07-07 00:00:00",RGPZ-378MW-0E,RGP,10,2024-04-25 13:46:03.784
272490985,"2SE90682",6,"2024-03-31 00:00:00","2077-07-07 00:00:00",RGPZ-378MW-0G,RGP,78120,2024-04-25 13:46:03.784
265160109,"2SE02947",9,"2024-03-31 00:00:00","2077-07-07 00:00:00",RGPZ-378MW-0G,RGP,361050,2024-04-25 13:46:03.784
143132229,"2SE00284",2,"2024-02-04 00:00:00","2077-07-07 00:00:00",RGPZ-378MW-1G,RGP,5040,2024-04-25 13:46:03.784
349989,"2SD92375",3,"2023-09-11 00:00:00","2077-07-07 00:00:00",RGPZ-378MW-2F,RGP,1960,2024-04-25 13:46:03.784
272489992,"2SE02894",2,"2024-03-31 00:00:00","2077-07-07 00:00:00",RGPZ-378MW-2G,RGP,27510,2024-04-25 13:46:03.784
269989016,"2SE90812",2,"2024-04-22 00:00:00","2077-07-07 00:00:00",RGPZ-378MW-2G,RGP,5250,2024-04-25 13:46:03.784
152342051,"2SE00285",4,"2024-02-04 00:00:00","2077-07-07 00:00:00",RGPZ-378MW-2G,RGP,5040,2024-04-25 13:46:03.784
244843526,"2SE02895",2,"2024-03-31 00:00:00","2077-07-07 00:00:00",RGPZ-378MW-3G,RGP,158290,2024-04-25 13:46:03.784
163330187,"2SE90242",2,"2024-01-31 00:00:00","2077-07-07 00:00:00",RGPZ-378MW-3G,RGP,182270,2024-04-25 13:46:03.784
269988103,"2SE02948",3,"2024-03-31 00:00:00","2077-07-07 00:00:00",RGPZ-378MW-3G,RGP,387820,2024-04-25 13:46:03.784
4632,"2SD92230",1,"2023-08-14 00:00:00","2077-07-07 00:00:00",RGPZ-381MW-0F,RGP,100,2024-04-25 13:46:03.784
4619,"2SD92117",3,"2023-08-16 00:00:00","2077-07-07 00:00:00",RGPZ-381MW-0F,RGP,1315,2024-04-25 13:46:03.784
266268810,"2SE02951",2,"2024-03-31 00:00:00","2077-07-07 00:00:00",RGPZ-381MW-0G,RGP,48530,2024-04-25 13:46:03.784
2311,"2SD02752",1,"2023-05-31 00:00:00","2077-07-07 00:00:00",RGPZ-381MW-1E,RGP,375,2024-04-25 13:46:03.784
2809,"2SD04607",1,"2023-08-28 00:00:00","2077-07-07 00:00:00",RGPZ-381MW-1F,RGP,5,2024-04-25 13:46:03.784
4614,"2SD92038",1,"2023-08-16 00:00:00","2077-07-07 00:00:00",RGPZ-381MW-1F,RGP,3000,2024-04-25 13:46:03.784
4649,"2SD92039",1,"2023-08-16 00:00:00","2077-07-07 00:00:00",RGPZ-381MW-1F,RGP,32,2024-04-25 13:46:03.784
266268807,"2SE02949",6,"2024-03-31 00:00:00","2077-07-07 00:00:00",RGPZ-381MW-1G,RGP,158860,2024-04-25 13:46:03.784
271434048,"2SE02897",7,"2024-03-31 00:00:00","2077-07-07 00:00:00",RGPZ-381MW-1G,RGP,196850,2024-04-25 13:46:03.784
4586,"2SD91562",1,"2023-03-31 00:00:00","2077-07-07 00:00:00",RGPZ-381MW-2D,RGP,565,2024-04-25 13:46:03.784
2312,"2SD02753",1,"2023-05-31 00:00:00","2077-07-07 00:00:00",RGPZ-381MW-2E,RGP,375,2024-04-25 13:46:03.784
2375,"2SD03423",1,"2023-07-07 00:00:00","2077-07-07 00:00:00",RGPZ-381MW-3E,RGP,10,2024-04-25 13:46:03.784
237010326,"2SE02899",1,"2024-03-31 00:00:00","2077-07-07 00:00:00",RGPZ-381MW-3G,RGP,30000,2024-04-25 13:46:03.784
271416303,"2SE02950",3,"2024-03-31 00:00:00","2077-07-07 00:00:00",RGPZ-381MW-3G,RGP,10100,2024-04-25 13:46:03.784
2376,"2SD03424",1,"2023-07-07 00:00:00","2077-07-07 00:00:00",RGPZ-381MW-4E,RGP,25,2024-04-25 13:46:03.784
2261,"2SD01792",1,"2023-05-20 00:00:00","2077-07-07 00:00:00",RGPZ-398ML-0D,RGP,59255,2024-04-25 13:46:03.784
4067,"2SD05958",1,"2023-08-29 00:00:00","2077-07-07 00:00:00",RGPZ-398ML-0D,RGP,1600000,2024-04-25 13:46:03.784
4402,"2SD06287",1,"2023-09-05 00:00:00","2077-07-07 00:00:00",RGPZ-398ML-0D,RGP,1000000,2024-04-25 13:46:03.784
2431,"2SD03717",2,"2023-06-15 00:00:00","2077-07-07 00:00:00",RGPZ-398ML-0D,RGP,6600,2024-04-25 13:46:03.784
166011937,"2SE01097",1,"2024-02-02 00:00:00","2077-07-07 00:00:00",RGPZ-398ML-0E,RGP,5000,2024-04-25 13:46:03.784
171213674,"2SE01295",1,"2024-02-06 00:00:00","2077-07-07 00:00:00",RGPZ-398ML-0E,RGP,86100,2024-04-25 13:46:03.784
171213675,"2SE01296",1,"2024-02-06 00:00:00","2077-07-07 00:00:00",RGPZ-398ML-0E,RGP,60000,2024-04-25 13:46:03.784
246139954,"2SE03213",1,"2024-04-02 00:00:00","2077-07-07 00:00:00",RGPZ-398ML-0E,RGP,13498,2024-04-25 13:46:03.784
270234468,"2SE03850",1,"2024-04-23 00:00:00","2077-07-07 00:00:00",RGPZ-398ML-0E,RGP,99433,2024-04-25 13:46:03.784
243496403,"2SE01295",2,"2024-02-06 00:00:00","2077-07-07 00:00:00",RGPZ-398ML-0E,RGP,133900,2024-04-25 13:46:03.784
199100890,"2SE01096",4,"2024-02-02 00:00:00","2077-07-07 00:00:00",RGPZ-398ML-0E,RGP,117100,2024-04-25 13:46:03.784
201907470,"2SE01915",1,"2024-02-29 00:00:00","2077-07-07 00:00:00",RGPZ-398ML-1E,RGP,238924,2024-04-25 13:46:03.784
225101776,"2SE01330",8,"2024-02-07 00:00:00","2077-07-07 00:00:00",RGPZ-398ML-1E,RGP,151317,2024-04-25 13:46:03.784
85235715,"2SD08962",1,"2023-12-01 00:00:00","2077-07-07 00:00:00",RGPZ-403ML-0B,RGP,500000,2024-04-25 13:46:03.784
202069587,"2SE01934",1,"2024-02-29 00:00:00","2077-07-07 00:00:00",RGPZ-403ML-0C,RGP,457619,2024-04-25 13:46:03.784
272489004,"2SE01349",2,"2024-02-08 00:00:00","2077-07-07 00:00:00",RGPZ-403ML-0C,RGP,1572700,2024-04-25 13:46:03.784
55413285,"2SD07278",5,"2023-12-06 00:00:00","2077-07-07 00:00:00",RGPZ-403ML-1B,RGP,15903,2024-04-25 13:46:03.784
220092413,"2SE02501",1,"2024-03-14 00:00:00","2077-07-07 00:00:00",RGPZ-403ML-1C,RGP,1794,2024-04-25 13:46:03.784
216121826,"2SE02164",2,"2024-03-04 00:00:00","2077-07-07 00:00:00",RGPZ-403ML-1C,RGP,1298,2024-04-25 13:46:03.784
271461717,"2SE03846",2,"2024-04-27 00:00:00","2077-07-07 00:00:00",RGPZ-419ML-10B,RGP,2,2024-04-25 13:46:03.784
75079917,"2SD92722",5,"2023-10-20 00:00:00","2077-07-07 00:00:00",RGPZ-419ML-5B,RGP,38993,2024-04-25 13:46:03.784
271461715,"2SE03845",2,"2024-04-27 00:00:00","2077-07-07 00:00:00",RGPZ-419ML-8B,RGP,3916,2024-04-25 13:46:03.784
225323037,"2SE02569",1,"2024-04-12 00:00:00","2077-07-07 00:00:00",RGPZ-435MW-4B,RGP,2580,2024-04-25 13:46:03.784
225323039,"2SE02571",1,"2024-04-12 00:00:00","2077-07-07 00:00:00",RGPZ-435MW-4B,RGP,322,2024-04-25 13:46:03.784
225323040,"2SE02572",1,"2024-04-12 00:00:00","2077-07-07 00:00:00",RGPZ-435MW-4B,RGP,32,2024-04-25 13:46:03.784
263703242,"2SE03573",1,"2024-05-06 00:00:00","2077-07-07 00:00:00",RGPZ-435MW-4B,RGP,3508,2024-04-25 13:46:03.784
225323038,"2SE02570",1,"2024-04-12 00:00:00","2077-07-07 00:00:00",RGPZ-435MW-5B,RGP,3621,2024-04-25 13:46:03.784
226569236,"2SE02647",1,"2024-04-12 00:00:00","2077-07-07 00:00:00",RGPZ-435MW-5B,RGP,32,2024-04-25 13:46:03.784
108643,"2SD06536",1,"2023-09-13 00:00:00","2077-07-07 00:00:00",RGPZ-441ML-0B,RGP,13884,2024-04-25 13:46:03.784
147259,"2SD06587",1,"2023-10-13 00:00:00","2077-07-07 00:00:00",RGPZ-441ML-0B,RGP,8022,2024-04-25 13:46:03.784
51313484,"2SD06908",2,"2023-09-25 00:00:00","2077-07-07 00:00:00",RGPZ-441ML-1B,RGP,4600,2024-04-25 13:46:03.784
137723441,"2SD09897",1,"2024-01-08 00:00:00","2077-07-07 00:00:00",RGPZ-441ML-1C,RGP,3800,2024-04-25 13:46:03.784
16358936,"2SD07184",1,"2023-10-20 00:00:00","2077-07-07 00:00:00",RGPZ-441ML-2B,RGP,6000,2024-04-25 13:46:03.784
169670065,"2SE90278",1,"2024-02-22 00:00:00","2077-07-07 00:00:00",RGPZ-443ML-4C,RGP,4040,2024-04-25 13:46:03.784
255327094,"2SE90764",1,"2024-04-10 00:00:00","2077-07-07 00:00:00",RGPZ-445ML-0D,RGP,17500,2024-04-25 13:46:03.784
270234473,"2SE03855",1,"2024-05-27 00:00:00","2077-07-07 00:00:00",RGPZ-466ML-0C,RGP,12921,2024-04-25 13:46:03.784
268779529,"2SE03661",1,"2024-05-07 00:00:00","2077-07-07 00:00:00",RGPZ-469ML-0B,RGP,9465,2024-04-25 13:46:03.784
100085327,"2SD09343",1,"2024-01-29 00:00:00","2077-07-07 00:00:00",RGPZ-470ML-0B,RGP,8114,2024-04-25 13:46:03.784
238457852,"2SE02828",1,"2024-03-25 00:00:00","2077-07-07 00:00:00",RGPZ-470ML-0C,RGP,19005,2024-04-25 13:46:03.784
102303520,"2SD09344",1,"2024-01-29 00:00:00","2077-07-07 00:00:00",RGPZ-470ML-1B,RGP,4614,2024-04-25 13:46:03.784
119245006,"2SD10060",1,"2023-12-28 00:00:00","2077-07-07 00:00:00",RGPZ-470ML-1B,RGP,4654,2024-04-25 13:46:03.784
98593275,"2SD09284",1,"2024-01-05 00:00:00","2077-07-07 00:00:00",RGPZ-481ML-0A,RGP,550,2024-04-25 13:46:03.784
252780923,"2SE02845",1,"2024-04-12 00:00:00","2077-07-07 00:00:00",RGPZ-490ML-11A,RGP,7000,2024-04-25 13:46:03.784
266388949,"2SE01884",1,"2024-03-29 00:00:00","2077-07-07 00:00:00",RGPZ-490ML-6A,RGP,3000,2024-04-25 13:46:03.784
268926858,"2SE01885",1,"2024-03-29 00:00:00","2077-07-07 00:00:00",RGPZ-490ML-7A,RGP,900,2024-04-25 13:46:03.784
263998191,"2SE03673",1,"2024-05-07 00:00:00","2077-07-07 00:00:00",RGPZ-502MW-0A,RGP,3264,2024-04-25 13:46:03.784
263998196,"2SE03679",1,"2024-05-07 00:00:00","2077-07-07 00:00:00",RGPZ-502MW-0A,RGP,4733,2024-04-25 13:46:03.784
270234471,"2SE03853",1,"2024-06-04 00:00:00","2077-07-07 00:00:00",RGPZ-502MW-0A,RGP,32,2024-04-25 13:46:03.784
270234472,"2SE03854",1,"2024-06-04 00:00:00","2077-07-07 00:00:00",RGPZ-502MW-0A,RGP,32,2024-04-25 13:46:03.784
264982322,"2SE03674",1,"2024-05-07 00:00:00","2077-07-07 00:00:00",RGPZ-502MW-1A,RGP,2045,2024-04-25 13:46:03.784
255540793,"2SE03425",1,"2024-05-17 00:00:00","2077-07-07 00:00:00",RGPZ-503MW-0A,RGP,6107,2024-04-25 13:46:03.784
255540795,"2SE03427",1,"2024-05-17 00:00:00","2077-07-07 00:00:00",RGPZ-503MW-0A,RGP,3412,2024-04-25 13:46:03.784
270234470,"2SE03852",1,"2024-05-31 00:00:00","2077-07-07 00:00:00",RGPZ-503MW-0A,RGP,32,2024-04-25 13:46:03.784
255540796,"2SE03428",1,"2024-05-17 00:00:00","2077-07-07 00:00:00",RGPZ-503MW-1A,RGP,2180,2024-04-25 13:46:03.784
